scenario,algorithm,parallel_mode,error,timestamp
Small_Dense,Smart_PSO,False,DroneSimulationEnvironment.__init__() got an unexpected keyword argument 'area_width',2025-08-22T18:32:44.675483
Small_Dense,Smart_PSO,False,DroneSimulationEnvironment.__init__() got an unexpected keyword argument 'area_width',2025-08-22T18:32:44.675483
Small_Dense,Smart_PSO,False,DroneSimulationEnvironment.__init__() got an unexpected keyword argument 'area_width',2025-08-22T18:32:44.675483
Small_Dense,Smart_PSO,False,DroneSimulationEnvironment.__init__() got an unexpected keyword argument 'area_width',2025-08-22T18:32:44.675483
Small_Dense,Smart_PSO,False,DroneSimulationEnvironment.__init__() got an unexpected keyword argument 'area_width',2025-08-22T18:32:44.675483
Small_Dense,Smart_PSO,True,DroneSimulationEnvironment.__init__() got an unexpected keyword argument 'area_width',2025-08-22T18:32:44.675483
Small_Dense,Smart_PSO,True,DroneSimulationEnvironment.__init__() got an unexpected keyword argument 'area_width',2025-08-22T18:32:44.675483
Small_Dense,Smart_PSO,True,DroneSimulationEnvironment.__init__() got an unexpected keyword argument 'area_width',2025-08-22T18:32:44.675483
Small_Dense,Smart_PSO,True,DroneSimulationEnvironment.__init__() got an unexpected keyword argument 'area_width',2025-08-22T18:32:44.680111
Small_Dense,Smart_PSO,True,DroneSimulationEnvironment.__init__() got an unexpected keyword argument 'area_width',2025-08-22T18:32:44.680111
Small_Dense,Standard_PSO,False,DroneSimulationEnvironment.__init__() got an unexpected keyword argument 'area_width',2025-08-22T18:32:44.681112
Small_Dense,Standard_PSO,False,DroneSimulationEnvironment.__init__() got an unexpected keyword argument 'area_width',2025-08-22T18:32:44.681112
Small_Dense,Standard_PSO,False,DroneSimulationEnvironment.__init__() got an unexpected keyword argument 'area_width',2025-08-22T18:32:44.682115
Small_Dense,Standard_PSO,False,DroneSimulationEnvironment.__init__() got an unexpected keyword argument 'area_width',2025-08-22T18:32:44.682115
Small_Dense,Standard_PSO,False,DroneSimulationEnvironment.__init__() got an unexpected keyword argument 'area_width',2025-08-22T18:32:44.682115
Small_Dense,Standard_PSO,True,DroneSimulationEnvironment.__init__() got an unexpected keyword argument 'area_width',2025-08-22T18:32:44.683117
Small_Dense,Standard_PSO,True,DroneSimulationEnvironment.__init__() got an unexpected keyword argument 'area_width',2025-08-22T18:32:44.683117
Small_Dense,Standard_PSO,True,DroneSimulationEnvironment.__init__() got an unexpected keyword argument 'area_width',2025-08-22T18:32:44.683117
Small_Dense,Standard_PSO,True,DroneSimulationEnvironment.__init__() got an unexpected keyword argument 'area_width',2025-08-22T18:32:44.684117
Small_Dense,Standard_PSO,True,DroneSimulationEnvironment.__init__() got an unexpected keyword argument 'area_width',2025-08-22T18:32:44.684117
Small_Dense,Smart_GA,False,DroneSimulationEnvironment.__init__() got an unexpected keyword argument 'area_width',2025-08-22T18:32:44.684776
Small_Dense,Smart_GA,False,DroneSimulationEnvironment.__init__() got an unexpected keyword argument 'area_width',2025-08-22T18:32:44.685632
Small_Dense,Smart_GA,False,DroneSimulationEnvironment.__init__() got an unexpected keyword argument 'area_width',2025-08-22T18:32:44.685632
Small_Dense,Smart_GA,False,DroneSimulationEnvironment.__init__() got an unexpected keyword argument 'area_width',2025-08-22T18:32:44.685632
Small_Dense,Smart_GA,False,DroneSimulationEnvironment.__init__() got an unexpected keyword argument 'area_width',2025-08-22T18:32:44.685632
Small_Dense,Smart_GA,True,DroneSimulationEnvironment.__init__() got an unexpected keyword argument 'area_width',2025-08-22T18:32:44.686632
Small_Dense,Smart_GA,True,DroneSimulationEnvironment.__init__() got an unexpected keyword argument 'area_width',2025-08-22T18:32:44.686632
Small_Dense,Smart_GA,True,DroneSimulationEnvironment.__init__() got an unexpected keyword argument 'area_width',2025-08-22T18:32:44.687633
Small_Dense,Smart_GA,True,DroneSimulationEnvironment.__init__() got an unexpected keyword argument 'area_width',2025-08-22T18:32:44.687633
Small_Dense,Smart_GA,True,DroneSimulationEnvironment.__init__() got an unexpected keyword argument 'area_width',2025-08-22T18:32:44.687633
Small_Dense,Standard_GA,False,DroneSimulationEnvironment.__init__() got an unexpected keyword argument 'area_width',2025-08-22T18:32:44.688632
Small_Dense,Standard_GA,False,DroneSimulationEnvironment.__init__() got an unexpected keyword argument 'area_width',2025-08-22T18:32:44.688632
Small_Dense,Standard_GA,False,DroneSimulationEnvironment.__init__() got an unexpected keyword argument 'area_width',2025-08-22T18:32:44.688632
Small_Dense,Standard_GA,False,DroneSimulationEnvironment.__init__() got an unexpected keyword argument 'area_width',2025-08-22T18:32:44.689634
Small_Dense,Standard_GA,False,DroneSimulationEnvironment.__init__() got an unexpected keyword argument 'area_width',2025-08-22T18:32:44.689634
Small_Dense,Standard_GA,True,DroneSimulationEnvironment.__init__() got an unexpected keyword argument 'area_width',2025-08-22T18:32:44.690643
Small_Dense,Standard_GA,True,DroneSimulationEnvironment.__init__() got an unexpected keyword argument 'area_width',2025-08-22T18:32:44.690643
Small_Dense,Standard_GA,True,DroneSimulationEnvironment.__init__() got an unexpected keyword argument 'area_width',2025-08-22T18:32:44.690643
Small_Dense,Standard_GA,True,DroneSimulationEnvironment.__init__() got an unexpected keyword argument 'area_width',2025-08-22T18:32:44.690643
Small_Dense,Standard_GA,True,DroneSimulationEnvironment.__init__() got an unexpected keyword argument 'area_width',2025-08-22T18:32:44.691634
Small_Dense,Smart_SA,False,DroneSimulationEnvironment.__init__() got an unexpected keyword argument 'area_width',2025-08-22T18:32:44.691634
Small_Dense,Smart_SA,False,DroneSimulationEnvironment.__init__() got an unexpected keyword argument 'area_width',2025-08-22T18:32:44.692633
Small_Dense,Smart_SA,False,DroneSimulationEnvironment.__init__() got an unexpected keyword argument 'area_width',2025-08-22T18:32:44.692633
Small_Dense,Smart_SA,False,DroneSimulationEnvironment.__init__() got an unexpected keyword argument 'area_width',2025-08-22T18:32:44.692633
Small_Dense,Smart_SA,False,DroneSimulationEnvironment.__init__() got an unexpected keyword argument 'area_width',2025-08-22T18:32:44.692633
Small_Dense,Smart_SA,True,DroneSimulationEnvironment.__init__() got an unexpected keyword argument 'area_width',2025-08-22T18:32:44.693632
Small_Dense,Smart_SA,True,DroneSimulationEnvironment.__init__() got an unexpected keyword argument 'area_width',2025-08-22T18:32:44.694663
Small_Dense,Smart_SA,True,DroneSimulationEnvironment.__init__() got an unexpected keyword argument 'area_width',2025-08-22T18:32:44.695440
Small_Dense,Smart_SA,True,DroneSimulationEnvironment.__init__() got an unexpected keyword argument 'area_width',2025-08-22T18:32:44.698755
Small_Dense,Smart_SA,True,DroneSimulationEnvironment.__init__() got an unexpected keyword argument 'area_width',2025-08-22T18:32:44.698755
Small_Dense,Standard_SA,False,DroneSimulationEnvironment.__init__() got an unexpected keyword argument 'area_width',2025-08-22T18:32:44.700754
Small_Dense,Standard_SA,False,DroneSimulationEnvironment.__init__() got an unexpected keyword argument 'area_width',2025-08-22T18:32:44.700754
Small_Dense,Standard_SA,False,DroneSimulationEnvironment.__init__() got an unexpected keyword argument 'area_width',2025-08-22T18:32:44.701475
Small_Dense,Standard_SA,False,DroneSimulationEnvironment.__init__() got an unexpected keyword argument 'area_width',2025-08-22T18:32:44.701788
Small_Dense,Standard_SA,False,DroneSimulationEnvironment.__init__() got an unexpected keyword argument 'area_width',2025-08-22T18:32:44.701788
Small_Dense,Standard_SA,True,DroneSimulationEnvironment.__init__() got an unexpected keyword argument 'area_width',2025-08-22T18:32:44.701788
Small_Dense,Standard_SA,True,DroneSimulationEnvironment.__init__() got an unexpected keyword argument 'area_width',2025-08-22T18:32:44.701788
Small_Dense,Standard_SA,True,DroneSimulationEnvironment.__init__() got an unexpected keyword argument 'area_width',2025-08-22T18:32:44.701788
Small_Dense,Standard_SA,True,DroneSimulationEnvironment.__init__() got an unexpected keyword argument 'area_width',2025-08-22T18:32:44.701788
Small_Dense,Standard_SA,True,DroneSimulationEnvironment.__init__() got an unexpected keyword argument 'area_width',2025-08-22T18:32:44.701788
Small_Dense,Greedy,False,DroneSimulationEnvironment.__init__() got an unexpected keyword argument 'area_width',2025-08-22T18:32:44.701788
Small_Dense,Greedy,False,DroneSimulationEnvironment.__init__() got an unexpected keyword argument 'area_width',2025-08-22T18:32:44.705898
Small_Dense,Greedy,False,DroneSimulationEnvironment.__init__() got an unexpected keyword argument 'area_width',2025-08-22T18:32:44.705898
Small_Dense,Greedy,False,DroneSimulationEnvironment.__init__() got an unexpected keyword argument 'area_width',2025-08-22T18:32:44.705898
Small_Dense,Greedy,False,DroneSimulationEnvironment.__init__() got an unexpected keyword argument 'area_width',2025-08-22T18:32:44.705898
Small_Dense,Greedy,True,DroneSimulationEnvironment.__init__() got an unexpected keyword argument 'area_width',2025-08-22T18:32:44.705898
Small_Dense,Greedy,True,DroneSimulationEnvironment.__init__() got an unexpected keyword argument 'area_width',2025-08-22T18:32:44.705898
Small_Dense,Greedy,True,DroneSimulationEnvironment.__init__() got an unexpected keyword argument 'area_width',2025-08-22T18:32:44.705898
Small_Dense,Greedy,True,DroneSimulationEnvironment.__init__() got an unexpected keyword argument 'area_width',2025-08-22T18:32:44.705898
Small_Dense,Greedy,True,DroneSimulationEnvironment.__init__() got an unexpected keyword argument 'area_width',2025-08-22T18:32:44.705898
Small_Compact,Smart_PSO,False,DroneSimulationEnvironment.__init__() got an unexpected keyword argument 'area_width',2025-08-22T18:32:44.705898
Small_Compact,Smart_PSO,False,DroneSimulationEnvironment.__init__() got an unexpected keyword argument 'area_width',2025-08-22T18:32:44.705898
Small_Compact,Smart_PSO,False,DroneSimulationEnvironment.__init__() got an unexpected keyword argument 'area_width',2025-08-22T18:32:44.705898
Small_Compact,Smart_PSO,False,DroneSimulationEnvironment.__init__() got an unexpected keyword argument 'area_width',2025-08-22T18:32:44.705898
Small_Compact,Smart_PSO,False,DroneSimulationEnvironment.__init__() got an unexpected keyword argument 'area_width',2025-08-22T18:32:44.705898
Small_Compact,Smart_PSO,True,DroneSimulationEnvironment.__init__() got an unexpected keyword argument 'area_width',2025-08-22T18:32:44.705898
Small_Compact,Smart_PSO,True,DroneSimulationEnvironment.__init__() got an unexpected keyword argument 'area_width',2025-08-22T18:32:44.705898
Small_Compact,Smart_PSO,True,DroneSimulationEnvironment.__init__() got an unexpected keyword argument 'area_width',2025-08-22T18:32:44.705898
Small_Compact,Smart_PSO,True,DroneSimulationEnvironment.__init__() got an unexpected keyword argument 'area_width',2025-08-22T18:32:44.705898
Small_Compact,Smart_PSO,True,DroneSimulationEnvironment.__init__() got an unexpected keyword argument 'area_width',2025-08-22T18:32:44.705898
Small_Compact,Standard_PSO,False,DroneSimulationEnvironment.__init__() got an unexpected keyword argument 'area_width',2025-08-22T18:32:44.705898
Small_Compact,Standard_PSO,False,DroneSimulationEnvironment.__init__() got an unexpected keyword argument 'area_width',2025-08-22T18:32:44.712783
Small_Compact,Standard_PSO,False,DroneSimulationEnvironment.__init__() got an unexpected keyword argument 'area_width',2025-08-22T18:32:44.712783
Small_Compact,Standard_PSO,False,DroneSimulationEnvironment.__init__() got an unexpected keyword argument 'area_width',2025-08-22T18:32:44.712783
Small_Compact,Standard_PSO,False,DroneSimulationEnvironment.__init__() got an unexpected keyword argument 'area_width',2025-08-22T18:32:44.712783
Small_Compact,Standard_PSO,True,DroneSimulationEnvironment.__init__() got an unexpected keyword argument 'area_width',2025-08-22T18:32:44.712783
Small_Compact,Standard_PSO,True,DroneSimulationEnvironment.__init__() got an unexpected keyword argument 'area_width',2025-08-22T18:32:44.712783
Small_Compact,Standard_PSO,True,DroneSimulationEnvironment.__init__() got an unexpected keyword argument 'area_width',2025-08-22T18:32:44.716351
Small_Compact,Standard_PSO,True,DroneSimulationEnvironment.__init__() got an unexpected keyword argument 'area_width',2025-08-22T18:32:44.716351
Small_Compact,Standard_PSO,True,DroneSimulationEnvironment.__init__() got an unexpected keyword argument 'area_width',2025-08-22T18:32:44.716351
Small_Compact,Smart_GA,False,DroneSimulationEnvironment.__init__() got an unexpected keyword argument 'area_width',2025-08-22T18:32:44.716351
Small_Compact,Smart_GA,False,DroneSimulationEnvironment.__init__() got an unexpected keyword argument 'area_width',2025-08-22T18:32:44.716351
Small_Compact,Smart_GA,False,DroneSimulationEnvironment.__init__() got an unexpected keyword argument 'area_width',2025-08-22T18:32:44.716351
Small_Compact,Smart_GA,False,DroneSimulationEnvironment.__init__() got an unexpected keyword argument 'area_width',2025-08-22T18:32:44.716351
Small_Compact,Smart_GA,False,DroneSimulationEnvironment.__init__() got an unexpected keyword argument 'area_width',2025-08-22T18:32:44.716351
Small_Compact,Smart_GA,True,DroneSimulationEnvironment.__init__() got an unexpected keyword argument 'area_width',2025-08-22T18:32:44.716351
Small_Compact,Smart_GA,True,DroneSimulationEnvironment.__init__() got an unexpected keyword argument 'area_width',2025-08-22T18:32:44.716351
Small_Compact,Smart_GA,True,DroneSimulationEnvironment.__init__() got an unexpected keyword argument 'area_width',2025-08-22T18:32:44.716351
Small_Compact,Smart_GA,True,DroneSimulationEnvironment.__init__() got an unexpected keyword argument 'area_width',2025-08-22T18:32:44.716351
Small_Compact,Smart_GA,True,DroneSimulationEnvironment.__init__() got an unexpected keyword argument 'area_width',2025-08-22T18:32:44.716351
Small_Compact,Standard_GA,False,DroneSimulationEnvironment.__init__() got an unexpected keyword argument 'area_width',2025-08-22T18:32:44.716351
Small_Compact,Standard_GA,False,DroneSimulationEnvironment.__init__() got an unexpected keyword argument 'area_width',2025-08-22T18:32:44.716351
Small_Compact,Standard_GA,False,DroneSimulationEnvironment.__init__() got an unexpected keyword argument 'area_width',2025-08-22T18:32:44.716351
Small_Compact,Standard_GA,False,DroneSimulationEnvironment.__init__() got an unexpected keyword argument 'area_width',2025-08-22T18:32:44.716351
Small_Compact,Standard_GA,False,DroneSimulationEnvironment.__init__() got an unexpected keyword argument 'area_width',2025-08-22T18:32:44.716351
Small_Compact,Standard_GA,True,DroneSimulationEnvironment.__init__() got an unexpected keyword argument 'area_width',2025-08-22T18:32:44.716351
Small_Compact,Standard_GA,True,DroneSimulationEnvironment.__init__() got an unexpected keyword argument 'area_width',2025-08-22T18:32:44.716351
Small_Compact,Standard_GA,True,DroneSimulationEnvironment.__init__() got an unexpected keyword argument 'area_width',2025-08-22T18:32:44.716351
Small_Compact,Standard_GA,True,DroneSimulationEnvironment.__init__() got an unexpected keyword argument 'area_width',2025-08-22T18:32:44.716351
Small_Compact,Standard_GA,True,DroneSimulationEnvironment.__init__() got an unexpected keyword argument 'area_width',2025-08-22T18:32:44.716351
Small_Compact,Smart_SA,False,DroneSimulationEnvironment.__init__() got an unexpected keyword argument 'area_width',2025-08-22T18:32:44.716351
Small_Compact,Smart_SA,False,DroneSimulationEnvironment.__init__() got an unexpected keyword argument 'area_width',2025-08-22T18:32:44.716351
Small_Compact,Smart_SA,False,DroneSimulationEnvironment.__init__() got an unexpected keyword argument 'area_width',2025-08-22T18:32:44.716351
Small_Compact,Smart_SA,False,DroneSimulationEnvironment.__init__() got an unexpected keyword argument 'area_width',2025-08-22T18:32:44.716351
Small_Compact,Smart_SA,False,DroneSimulationEnvironment.__init__() got an unexpected keyword argument 'area_width',2025-08-22T18:32:44.716351
Small_Compact,Smart_SA,True,DroneSimulationEnvironment.__init__() got an unexpected keyword argument 'area_width',2025-08-22T18:32:44.716351
Small_Compact,Smart_SA,True,DroneSimulationEnvironment.__init__() got an unexpected keyword argument 'area_width',2025-08-22T18:32:44.716351
Small_Compact,Smart_SA,True,DroneSimulationEnvironment.__init__() got an unexpected keyword argument 'area_width',2025-08-22T18:32:44.716351
Small_Compact,Smart_SA,True,DroneSimulationEnvironment.__init__() got an unexpected keyword argument 'area_width',2025-08-22T18:32:44.726391
Small_Compact,Smart_SA,True,DroneSimulationEnvironment.__init__() got an unexpected keyword argument 'area_width',2025-08-22T18:32:44.726391
Small_Compact,Standard_SA,False,DroneSimulationEnvironment.__init__() got an unexpected keyword argument 'area_width',2025-08-22T18:32:44.726391
Small_Compact,Standard_SA,False,DroneSimulationEnvironment.__init__() got an unexpected keyword argument 'area_width',2025-08-22T18:32:44.726391
Small_Compact,Standard_SA,False,DroneSimulationEnvironment.__init__() got an unexpected keyword argument 'area_width',2025-08-22T18:32:44.726391
Small_Compact,Standard_SA,False,DroneSimulationEnvironment.__init__() got an unexpected keyword argument 'area_width',2025-08-22T18:32:44.726391
Small_Compact,Standard_SA,False,DroneSimulationEnvironment.__init__() got an unexpected keyword argument 'area_width',2025-08-22T18:32:44.726391
Small_Compact,Standard_SA,True,DroneSimulationEnvironment.__init__() got an unexpected keyword argument 'area_width',2025-08-22T18:32:44.726391
Small_Compact,Standard_SA,True,DroneSimulationEnvironment.__init__() got an unexpected keyword argument 'area_width',2025-08-22T18:32:44.726391
Small_Compact,Standard_SA,True,DroneSimulationEnvironment.__init__() got an unexpected keyword argument 'area_width',2025-08-22T18:32:44.729990
Small_Compact,Standard_SA,True,DroneSimulationEnvironment.__init__() got an unexpected keyword argument 'area_width',2025-08-22T18:32:44.730994
Small_Compact,Standard_SA,True,DroneSimulationEnvironment.__init__() got an unexpected keyword argument 'area_width',2025-08-22T18:32:44.730994
Small_Compact,Greedy,False,DroneSimulationEnvironment.__init__() got an unexpected keyword argument 'area_width',2025-08-22T18:32:44.732521
Small_Compact,Greedy,False,DroneSimulationEnvironment.__init__() got an unexpected keyword argument 'area_width',2025-08-22T18:32:44.732915
Small_Compact,Greedy,False,DroneSimulationEnvironment.__init__() got an unexpected keyword argument 'area_width',2025-08-22T18:32:44.732915
Small_Compact,Greedy,False,DroneSimulationEnvironment.__init__() got an unexpected keyword argument 'area_width',2025-08-22T18:32:44.732915
Small_Compact,Greedy,False,DroneSimulationEnvironment.__init__() got an unexpected keyword argument 'area_width',2025-08-22T18:32:44.732915
Small_Compact,Greedy,True,DroneSimulationEnvironment.__init__() got an unexpected keyword argument 'area_width',2025-08-22T18:32:44.732915
Small_Compact,Greedy,True,DroneSimulationEnvironment.__init__() got an unexpected keyword argument 'area_width',2025-08-22T18:32:44.732915
Small_Compact,Greedy,True,DroneSimulationEnvironment.__init__() got an unexpected keyword argument 'area_width',2025-08-22T18:32:44.732915
Small_Compact,Greedy,True,DroneSimulationEnvironment.__init__() got an unexpected keyword argument 'area_width',2025-08-22T18:32:44.732915
Small_Compact,Greedy,True,DroneSimulationEnvironment.__init__() got an unexpected keyword argument 'area_width',2025-08-22T18:32:44.732915
Small_Extended,Smart_PSO,False,DroneSimulationEnvironment.__init__() got an unexpected keyword argument 'area_width',2025-08-22T18:32:44.732915
Small_Extended,Smart_PSO,False,DroneSimulationEnvironment.__init__() got an unexpected keyword argument 'area_width',2025-08-22T18:32:44.732915
Small_Extended,Smart_PSO,False,DroneSimulationEnvironment.__init__() got an unexpected keyword argument 'area_width',2025-08-22T18:32:44.736975
Small_Extended,Smart_PSO,False,DroneSimulationEnvironment.__init__() got an unexpected keyword argument 'area_width',2025-08-22T18:32:44.736975
Small_Extended,Smart_PSO,False,DroneSimulationEnvironment.__init__() got an unexpected keyword argument 'area_width',2025-08-22T18:32:44.736975
Small_Extended,Smart_PSO,True,DroneSimulationEnvironment.__init__() got an unexpected keyword argument 'area_width',2025-08-22T18:32:44.736975
Small_Extended,Smart_PSO,True,DroneSimulationEnvironment.__init__() got an unexpected keyword argument 'area_width',2025-08-22T18:32:44.736975
Small_Extended,Smart_PSO,True,DroneSimulationEnvironment.__init__() got an unexpected keyword argument 'area_width',2025-08-22T18:32:44.736975
Small_Extended,Smart_PSO,True,DroneSimulationEnvironment.__init__() got an unexpected keyword argument 'area_width',2025-08-22T18:32:44.736975
Small_Extended,Smart_PSO,True,DroneSimulationEnvironment.__init__() got an unexpected keyword argument 'area_width',2025-08-22T18:32:44.736975
Small_Extended,Standard_PSO,False,DroneSimulationEnvironment.__init__() got an unexpected keyword argument 'area_width',2025-08-22T18:32:44.736975
Small_Extended,Standard_PSO,False,DroneSimulationEnvironment.__init__() got an unexpected keyword argument 'area_width',2025-08-22T18:32:44.736975
Small_Extended,Standard_PSO,False,DroneSimulationEnvironment.__init__() got an unexpected keyword argument 'area_width',2025-08-22T18:32:44.736975
Small_Extended,Standard_PSO,False,DroneSimulationEnvironment.__init__() got an unexpected keyword argument 'area_width',2025-08-22T18:32:44.736975
Small_Extended,Standard_PSO,False,DroneSimulationEnvironment.__init__() got an unexpected keyword argument 'area_width',2025-08-22T18:32:44.736975
Small_Extended,Standard_PSO,True,DroneSimulationEnvironment.__init__() got an unexpected keyword argument 'area_width',2025-08-22T18:32:44.736975
Small_Extended,Standard_PSO,True,DroneSimulationEnvironment.__init__() got an unexpected keyword argument 'area_width',2025-08-22T18:32:44.736975
Small_Extended,Standard_PSO,True,DroneSimulationEnvironment.__init__() got an unexpected keyword argument 'area_width',2025-08-22T18:32:44.736975
Small_Extended,Standard_PSO,True,DroneSimulationEnvironment.__init__() got an unexpected keyword argument 'area_width',2025-08-22T18:32:44.736975
Small_Extended,Standard_PSO,True,DroneSimulationEnvironment.__init__() got an unexpected keyword argument 'area_width',2025-08-22T18:32:44.736975
Small_Extended,Smart_GA,False,DroneSimulationEnvironment.__init__() got an unexpected keyword argument 'area_width',2025-08-22T18:32:44.736975
Small_Extended,Smart_GA,False,DroneSimulationEnvironment.__init__() got an unexpected keyword argument 'area_width',2025-08-22T18:32:44.736975
Small_Extended,Smart_GA,False,DroneSimulationEnvironment.__init__() got an unexpected keyword argument 'area_width',2025-08-22T18:32:44.736975
Small_Extended,Smart_GA,False,DroneSimulationEnvironment.__init__() got an unexpected keyword argument 'area_width',2025-08-22T18:32:44.736975
Small_Extended,Smart_GA,False,DroneSimulationEnvironment.__init__() got an unexpected keyword argument 'area_width',2025-08-22T18:32:44.736975
Small_Extended,Smart_GA,True,DroneSimulationEnvironment.__init__() got an unexpected keyword argument 'area_width',2025-08-22T18:32:44.736975
Small_Extended,Smart_GA,True,DroneSimulationEnvironment.__init__() got an unexpected keyword argument 'area_width',2025-08-22T18:32:44.736975
Small_Extended,Smart_GA,True,DroneSimulationEnvironment.__init__() got an unexpected keyword argument 'area_width',2025-08-22T18:32:44.736975
Small_Extended,Smart_GA,True,DroneSimulationEnvironment.__init__() got an unexpected keyword argument 'area_width',2025-08-22T18:32:44.736975
Small_Extended,Smart_GA,True,DroneSimulationEnvironment.__init__() got an unexpected keyword argument 'area_width',2025-08-22T18:32:44.736975
Small_Extended,Standard_GA,False,DroneSimulationEnvironment.__init__() got an unexpected keyword argument 'area_width',2025-08-22T18:32:44.747913
Small_Extended,Standard_GA,False,DroneSimulationEnvironment.__init__() got an unexpected keyword argument 'area_width',2025-08-22T18:32:44.748910
Small_Extended,Standard_GA,False,DroneSimulationEnvironment.__init__() got an unexpected keyword argument 'area_width',2025-08-22T18:32:44.748910
Small_Extended,Standard_GA,False,DroneSimulationEnvironment.__init__() got an unexpected keyword argument 'area_width',2025-08-22T18:32:44.748910
Small_Extended,Standard_GA,False,DroneSimulationEnvironment.__init__() got an unexpected keyword argument 'area_width',2025-08-22T18:32:44.748910
Small_Extended,Standard_GA,True,DroneSimulationEnvironment.__init__() got an unexpected keyword argument 'area_width',2025-08-22T18:32:44.748910
Small_Extended,Standard_GA,True,DroneSimulationEnvironment.__init__() got an unexpected keyword argument 'area_width',2025-08-22T18:32:44.748910
Small_Extended,Standard_GA,True,DroneSimulationEnvironment.__init__() got an unexpected keyword argument 'area_width',2025-08-22T18:32:44.748910
Small_Extended,Standard_GA,True,DroneSimulationEnvironment.__init__() got an unexpected keyword argument 'area_width',2025-08-22T18:32:44.748910
Small_Extended,Standard_GA,True,DroneSimulationEnvironment.__init__() got an unexpected keyword argument 'area_width',2025-08-22T18:32:44.748910
Small_Extended,Smart_SA,False,DroneSimulationEnvironment.__init__() got an unexpected keyword argument 'area_width',2025-08-22T18:32:44.748910
Small_Extended,Smart_SA,False,DroneSimulationEnvironment.__init__() got an unexpected keyword argument 'area_width',2025-08-22T18:32:44.748910
Small_Extended,Smart_SA,False,DroneSimulationEnvironment.__init__() got an unexpected keyword argument 'area_width',2025-08-22T18:32:44.748910
Small_Extended,Smart_SA,False,DroneSimulationEnvironment.__init__() got an unexpected keyword argument 'area_width',2025-08-22T18:32:44.748910
Small_Extended,Smart_SA,False,DroneSimulationEnvironment.__init__() got an unexpected keyword argument 'area_width',2025-08-22T18:32:44.748910
Small_Extended,Smart_SA,True,DroneSimulationEnvironment.__init__() got an unexpected keyword argument 'area_width',2025-08-22T18:32:44.748910
Small_Extended,Smart_SA,True,DroneSimulationEnvironment.__init__() got an unexpected keyword argument 'area_width',2025-08-22T18:32:44.748910
Small_Extended,Smart_SA,True,DroneSimulationEnvironment.__init__() got an unexpected keyword argument 'area_width',2025-08-22T18:32:44.748910
Small_Extended,Smart_SA,True,DroneSimulationEnvironment.__init__() got an unexpected keyword argument 'area_width',2025-08-22T18:32:44.748910
Small_Extended,Smart_SA,True,DroneSimulationEnvironment.__init__() got an unexpected keyword argument 'area_width',2025-08-22T18:32:44.748910
Small_Extended,Standard_SA,False,DroneSimulationEnvironment.__init__() got an unexpected keyword argument 'area_width',2025-08-22T18:32:44.748910
Small_Extended,Standard_SA,False,DroneSimulationEnvironment.__init__() got an unexpected keyword argument 'area_width',2025-08-22T18:32:44.748910
Small_Extended,Standard_SA,False,DroneSimulationEnvironment.__init__() got an unexpected keyword argument 'area_width',2025-08-22T18:32:44.748910
Small_Extended,Standard_SA,False,DroneSimulationEnvironment.__init__() got an unexpected keyword argument 'area_width',2025-08-22T18:32:44.748910
Small_Extended,Standard_SA,False,DroneSimulationEnvironment.__init__() got an unexpected keyword argument 'area_width',2025-08-22T18:32:44.748910
Small_Extended,Standard_SA,True,DroneSimulationEnvironment.__init__() got an unexpected keyword argument 'area_width',2025-08-22T18:32:44.758537
Small_Extended,Standard_SA,True,DroneSimulationEnvironment.__init__() got an unexpected keyword argument 'area_width',2025-08-22T18:32:44.758537
Small_Extended,Standard_SA,True,DroneSimulationEnvironment.__init__() got an unexpected keyword argument 'area_width',2025-08-22T18:32:44.758537
Small_Extended,Standard_SA,True,DroneSimulationEnvironment.__init__() got an unexpected keyword argument 'area_width',2025-08-22T18:32:44.758537
Small_Extended,Standard_SA,True,DroneSimulationEnvironment.__init__() got an unexpected keyword argument 'area_width',2025-08-22T18:32:44.758537
Small_Extended,Greedy,False,DroneSimulationEnvironment.__init__() got an unexpected keyword argument 'area_width',2025-08-22T18:32:44.758537
Small_Extended,Greedy,False,DroneSimulationEnvironment.__init__() got an unexpected keyword argument 'area_width',2025-08-22T18:32:44.758537
Small_Extended,Greedy,False,DroneSimulationEnvironment.__init__() got an unexpected keyword argument 'area_width',2025-08-22T18:32:44.758537
Small_Extended,Greedy,False,DroneSimulationEnvironment.__init__() got an unexpected keyword argument 'area_width',2025-08-22T18:32:44.758537
Small_Extended,Greedy,False,DroneSimulationEnvironment.__init__() got an unexpected keyword argument 'area_width',2025-08-22T18:32:44.758537
Small_Extended,Greedy,True,DroneSimulationEnvironment.__init__() got an unexpected keyword argument 'area_width',2025-08-22T18:32:44.762801
Small_Extended,Greedy,True,DroneSimulationEnvironment.__init__() got an unexpected keyword argument 'area_width',2025-08-22T18:32:44.762801
Small_Extended,Greedy,True,DroneSimulationEnvironment.__init__() got an unexpected keyword argument 'area_width',2025-08-22T18:32:44.762801
Small_Extended,Greedy,True,DroneSimulationEnvironment.__init__() got an unexpected keyword argument 'area_width',2025-08-22T18:32:44.762801
Small_Extended,Greedy,True,DroneSimulationEnvironment.__init__() got an unexpected keyword argument 'area_width',2025-08-22T18:32:44.762801
Medium_Balanced,Smart_PSO,False,DroneSimulationEnvironment.__init__() got an unexpected keyword argument 'area_width',2025-08-22T18:32:44.762801
Medium_Balanced,Smart_PSO,False,DroneSimulationEnvironment.__init__() got an unexpected keyword argument 'area_width',2025-08-22T18:32:44.762801
Medium_Balanced,Smart_PSO,False,DroneSimulationEnvironment.__init__() got an unexpected keyword argument 'area_width',2025-08-22T18:32:44.762801
Medium_Balanced,Smart_PSO,False,DroneSimulationEnvironment.__init__() got an unexpected keyword argument 'area_width',2025-08-22T18:32:44.762801
Medium_Balanced,Smart_PSO,False,DroneSimulationEnvironment.__init__() got an unexpected keyword argument 'area_width',2025-08-22T18:32:44.762801
Medium_Balanced,Smart_PSO,True,DroneSimulationEnvironment.__init__() got an unexpected keyword argument 'area_width',2025-08-22T18:32:44.762801
Medium_Balanced,Smart_PSO,True,DroneSimulationEnvironment.__init__() got an unexpected keyword argument 'area_width',2025-08-22T18:32:44.762801
Medium_Balanced,Smart_PSO,True,DroneSimulationEnvironment.__init__() got an unexpected keyword argument 'area_width',2025-08-22T18:32:44.762801
Medium_Balanced,Smart_PSO,True,DroneSimulationEnvironment.__init__() got an unexpected keyword argument 'area_width',2025-08-22T18:32:44.762801
Medium_Balanced,Smart_PSO,True,DroneSimulationEnvironment.__init__() got an unexpected keyword argument 'area_width',2025-08-22T18:32:44.762801
Medium_Balanced,Standard_PSO,False,DroneSimulationEnvironment.__init__() got an unexpected keyword argument 'area_width',2025-08-22T18:32:44.768834
Medium_Balanced,Standard_PSO,False,DroneSimulationEnvironment.__init__() got an unexpected keyword argument 'area_width',2025-08-22T18:32:44.768834
Medium_Balanced,Standard_PSO,False,DroneSimulationEnvironment.__init__() got an unexpected keyword argument 'area_width',2025-08-22T18:32:44.768834
Medium_Balanced,Standard_PSO,False,DroneSimulationEnvironment.__init__() got an unexpected keyword argument 'area_width',2025-08-22T18:32:44.768834
Medium_Balanced,Standard_PSO,False,DroneSimulationEnvironment.__init__() got an unexpected keyword argument 'area_width',2025-08-22T18:32:44.768834
Medium_Balanced,Standard_PSO,True,DroneSimulationEnvironment.__init__() got an unexpected keyword argument 'area_width',2025-08-22T18:32:44.768834
Medium_Balanced,Standard_PSO,True,DroneSimulationEnvironment.__init__() got an unexpected keyword argument 'area_width',2025-08-22T18:32:44.768834
Medium_Balanced,Standard_PSO,True,DroneSimulationEnvironment.__init__() got an unexpected keyword argument 'area_width',2025-08-22T18:32:44.768834
Medium_Balanced,Standard_PSO,True,DroneSimulationEnvironment.__init__() got an unexpected keyword argument 'area_width',2025-08-22T18:32:44.768834
Medium_Balanced,Standard_PSO,True,DroneSimulationEnvironment.__init__() got an unexpected keyword argument 'area_width',2025-08-22T18:32:44.768834
Medium_Balanced,Smart_GA,False,DroneSimulationEnvironment.__init__() got an unexpected keyword argument 'area_width',2025-08-22T18:32:44.768834
Medium_Balanced,Smart_GA,False,DroneSimulationEnvironment.__init__() got an unexpected keyword argument 'area_width',2025-08-22T18:32:44.768834
Medium_Balanced,Smart_GA,False,DroneSimulationEnvironment.__init__() got an unexpected keyword argument 'area_width',2025-08-22T18:32:44.768834
Medium_Balanced,Smart_GA,False,DroneSimulationEnvironment.__init__() got an unexpected keyword argument 'area_width',2025-08-22T18:32:44.768834
Medium_Balanced,Smart_GA,False,DroneSimulationEnvironment.__init__() got an unexpected keyword argument 'area_width',2025-08-22T18:32:44.768834
Medium_Balanced,Smart_GA,True,DroneSimulationEnvironment.__init__() got an unexpected keyword argument 'area_width',2025-08-22T18:32:44.768834
Medium_Balanced,Smart_GA,True,DroneSimulationEnvironment.__init__() got an unexpected keyword argument 'area_width',2025-08-22T18:32:44.768834
Medium_Balanced,Smart_GA,True,DroneSimulationEnvironment.__init__() got an unexpected keyword argument 'area_width',2025-08-22T18:32:44.768834
Medium_Balanced,Smart_GA,True,DroneSimulationEnvironment.__init__() got an unexpected keyword argument 'area_width',2025-08-22T18:32:44.768834
Medium_Balanced,Smart_GA,True,DroneSimulationEnvironment.__init__() got an unexpected keyword argument 'area_width',2025-08-22T18:32:44.768834
Medium_Balanced,Standard_GA,False,DroneSimulationEnvironment.__init__() got an unexpected keyword argument 'area_width',2025-08-22T18:32:44.768834
Medium_Balanced,Standard_GA,False,DroneSimulationEnvironment.__init__() got an unexpected keyword argument 'area_width',2025-08-22T18:32:44.768834
Medium_Balanced,Standard_GA,False,DroneSimulationEnvironment.__init__() got an unexpected keyword argument 'area_width',2025-08-22T18:32:44.768834
Medium_Balanced,Standard_GA,False,DroneSimulationEnvironment.__init__() got an unexpected keyword argument 'area_width',2025-08-22T18:32:44.768834
Medium_Balanced,Standard_GA,False,DroneSimulationEnvironment.__init__() got an unexpected keyword argument 'area_width',2025-08-22T18:32:44.768834
Medium_Balanced,Standard_GA,True,DroneSimulationEnvironment.__init__() got an unexpected keyword argument 'area_width',2025-08-22T18:32:44.768834
Medium_Balanced,Standard_GA,True,DroneSimulationEnvironment.__init__() got an unexpected keyword argument 'area_width',2025-08-22T18:32:44.768834
Medium_Balanced,Standard_GA,True,DroneSimulationEnvironment.__init__() got an unexpected keyword argument 'area_width',2025-08-22T18:32:44.768834
Medium_Balanced,Standard_GA,True,DroneSimulationEnvironment.__init__() got an unexpected keyword argument 'area_width',2025-08-22T18:32:44.768834
Medium_Balanced,Standard_GA,True,DroneSimulationEnvironment.__init__() got an unexpected keyword argument 'area_width',2025-08-22T18:32:44.768834
Medium_Balanced,Smart_SA,False,DroneSimulationEnvironment.__init__() got an unexpected keyword argument 'area_width',2025-08-22T18:32:44.768834
Medium_Balanced,Smart_SA,False,DroneSimulationEnvironment.__init__() got an unexpected keyword argument 'area_width',2025-08-22T18:32:44.768834
Medium_Balanced,Smart_SA,False,DroneSimulationEnvironment.__init__() got an unexpected keyword argument 'area_width',2025-08-22T18:32:44.768834
Medium_Balanced,Smart_SA,False,DroneSimulationEnvironment.__init__() got an unexpected keyword argument 'area_width',2025-08-22T18:32:44.768834
Medium_Balanced,Smart_SA,False,DroneSimulationEnvironment.__init__() got an unexpected keyword argument 'area_width',2025-08-22T18:32:44.768834
Medium_Balanced,Smart_SA,True,DroneSimulationEnvironment.__init__() got an unexpected keyword argument 'area_width',2025-08-22T18:32:44.768834
Medium_Balanced,Smart_SA,True,DroneSimulationEnvironment.__init__() got an unexpected keyword argument 'area_width',2025-08-22T18:32:44.768834
Medium_Balanced,Smart_SA,True,DroneSimulationEnvironment.__init__() got an unexpected keyword argument 'area_width',2025-08-22T18:32:44.768834
Medium_Balanced,Smart_SA,True,DroneSimulationEnvironment.__init__() got an unexpected keyword argument 'area_width',2025-08-22T18:32:44.779081
Medium_Balanced,Smart_SA,True,DroneSimulationEnvironment.__init__() got an unexpected keyword argument 'area_width',2025-08-22T18:32:44.779497
Medium_Balanced,Standard_SA,False,DroneSimulationEnvironment.__init__() got an unexpected keyword argument 'area_width',2025-08-22T18:32:44.779497
Medium_Balanced,Standard_SA,False,DroneSimulationEnvironment.__init__() got an unexpected keyword argument 'area_width',2025-08-22T18:32:44.779497
Medium_Balanced,Standard_SA,False,DroneSimulationEnvironment.__init__() got an unexpected keyword argument 'area_width',2025-08-22T18:32:44.779497
Medium_Balanced,Standard_SA,False,DroneSimulationEnvironment.__init__() got an unexpected keyword argument 'area_width',2025-08-22T18:32:44.779497
Medium_Balanced,Standard_SA,False,DroneSimulationEnvironment.__init__() got an unexpected keyword argument 'area_width',2025-08-22T18:32:44.779497
Medium_Balanced,Standard_SA,True,DroneSimulationEnvironment.__init__() got an unexpected keyword argument 'area_width',2025-08-22T18:32:44.779497
Medium_Balanced,Standard_SA,True,DroneSimulationEnvironment.__init__() got an unexpected keyword argument 'area_width',2025-08-22T18:32:44.779497
Medium_Balanced,Standard_SA,True,DroneSimulationEnvironment.__init__() got an unexpected keyword argument 'area_width',2025-08-22T18:32:44.779497
Medium_Balanced,Standard_SA,True,DroneSimulationEnvironment.__init__() got an unexpected keyword argument 'area_width',2025-08-22T18:32:44.779497
Medium_Balanced,Standard_SA,True,DroneSimulationEnvironment.__init__() got an unexpected keyword argument 'area_width',2025-08-22T18:32:44.779497
Medium_Balanced,Greedy,False,DroneSimulationEnvironment.__init__() got an unexpected keyword argument 'area_width',2025-08-22T18:32:44.779497
Medium_Balanced,Greedy,False,DroneSimulationEnvironment.__init__() got an unexpected keyword argument 'area_width',2025-08-22T18:32:44.779497
Medium_Balanced,Greedy,False,DroneSimulationEnvironment.__init__() got an unexpected keyword argument 'area_width',2025-08-22T18:32:44.779497
Medium_Balanced,Greedy,False,DroneSimulationEnvironment.__init__() got an unexpected keyword argument 'area_width',2025-08-22T18:32:44.779497
Medium_Balanced,Greedy,False,DroneSimulationEnvironment.__init__() got an unexpected keyword argument 'area_width',2025-08-22T18:32:44.779497
Medium_Balanced,Greedy,True,DroneSimulationEnvironment.__init__() got an unexpected keyword argument 'area_width',2025-08-22T18:32:44.779497
Medium_Balanced,Greedy,True,DroneSimulationEnvironment.__init__() got an unexpected keyword argument 'area_width',2025-08-22T18:32:44.779497
Medium_Balanced,Greedy,True,DroneSimulationEnvironment.__init__() got an unexpected keyword argument 'area_width',2025-08-22T18:32:44.779497
Medium_Balanced,Greedy,True,DroneSimulationEnvironment.__init__() got an unexpected keyword argument 'area_width',2025-08-22T18:32:44.779497
Medium_Balanced,Greedy,True,DroneSimulationEnvironment.__init__() got an unexpected keyword argument 'area_width',2025-08-22T18:32:44.779497
Medium_Wide,Smart_PSO,False,DroneSimulationEnvironment.__init__() got an unexpected keyword argument 'area_width',2025-08-22T18:32:44.914385
Medium_Wide,Smart_PSO,False,DroneSimulationEnvironment.__init__() got an unexpected keyword argument 'area_width',2025-08-22T18:32:44.914385
Medium_Wide,Smart_PSO,False,DroneSimulationEnvironment.__init__() got an unexpected keyword argument 'area_width',2025-08-22T18:32:44.914385
Medium_Wide,Smart_PSO,False,DroneSimulationEnvironment.__init__() got an unexpected keyword argument 'area_width',2025-08-22T18:32:44.914385
Medium_Wide,Smart_PSO,False,DroneSimulationEnvironment.__init__() got an unexpected keyword argument 'area_width',2025-08-22T18:32:44.914385
Medium_Wide,Smart_PSO,True,DroneSimulationEnvironment.__init__() got an unexpected keyword argument 'area_width',2025-08-22T18:32:44.914385
Medium_Wide,Smart_PSO,True,DroneSimulationEnvironment.__init__() got an unexpected keyword argument 'area_width',2025-08-22T18:32:44.914385
Medium_Wide,Smart_PSO,True,DroneSimulationEnvironment.__init__() got an unexpected keyword argument 'area_width',2025-08-22T18:32:44.914385
Medium_Wide,Smart_PSO,True,DroneSimulationEnvironment.__init__() got an unexpected keyword argument 'area_width',2025-08-22T18:32:44.914385
Medium_Wide,Smart_PSO,True,DroneSimulationEnvironment.__init__() got an unexpected keyword argument 'area_width',2025-08-22T18:32:44.914385
Medium_Wide,Standard_PSO,False,DroneSimulationEnvironment.__init__() got an unexpected keyword argument 'area_width',2025-08-22T18:32:44.930144
Medium_Wide,Standard_PSO,False,DroneSimulationEnvironment.__init__() got an unexpected keyword argument 'area_width',2025-08-22T18:32:44.931146
Medium_Wide,Standard_PSO,False,DroneSimulationEnvironment.__init__() got an unexpected keyword argument 'area_width',2025-08-22T18:32:44.931146
Medium_Wide,Standard_PSO,False,DroneSimulationEnvironment.__init__() got an unexpected keyword argument 'area_width',2025-08-22T18:32:44.931146
Medium_Wide,Standard_PSO,False,DroneSimulationEnvironment.__init__() got an unexpected keyword argument 'area_width',2025-08-22T18:32:44.931146
Medium_Wide,Standard_PSO,True,DroneSimulationEnvironment.__init__() got an unexpected keyword argument 'area_width',2025-08-22T18:32:44.932146
Medium_Wide,Standard_PSO,True,DroneSimulationEnvironment.__init__() got an unexpected keyword argument 'area_width',2025-08-22T18:32:44.932146
Medium_Wide,Standard_PSO,True,DroneSimulationEnvironment.__init__() got an unexpected keyword argument 'area_width',2025-08-22T18:32:44.932146
Medium_Wide,Standard_PSO,True,DroneSimulationEnvironment.__init__() got an unexpected keyword argument 'area_width',2025-08-22T18:32:44.932146
Medium_Wide,Standard_PSO,True,DroneSimulationEnvironment.__init__() got an unexpected keyword argument 'area_width',2025-08-22T18:32:44.933147
Medium_Wide,Smart_GA,False,DroneSimulationEnvironment.__init__() got an unexpected keyword argument 'area_width',2025-08-22T18:32:44.934146
Medium_Wide,Smart_GA,False,DroneSimulationEnvironment.__init__() got an unexpected keyword argument 'area_width',2025-08-22T18:32:44.934146
Medium_Wide,Smart_GA,False,DroneSimulationEnvironment.__init__() got an unexpected keyword argument 'area_width',2025-08-22T18:32:44.934146
Medium_Wide,Smart_GA,False,DroneSimulationEnvironment.__init__() got an unexpected keyword argument 'area_width',2025-08-22T18:32:44.934146
Medium_Wide,Smart_GA,False,DroneSimulationEnvironment.__init__() got an unexpected keyword argument 'area_width',2025-08-22T18:32:44.934146
Medium_Wide,Smart_GA,True,DroneSimulationEnvironment.__init__() got an unexpected keyword argument 'area_width',2025-08-22T18:32:44.935146
Medium_Wide,Smart_GA,True,DroneSimulationEnvironment.__init__() got an unexpected keyword argument 'area_width',2025-08-22T18:32:44.935146
Medium_Wide,Smart_GA,True,DroneSimulationEnvironment.__init__() got an unexpected keyword argument 'area_width',2025-08-22T18:32:44.935146
Medium_Wide,Smart_GA,True,DroneSimulationEnvironment.__init__() got an unexpected keyword argument 'area_width',2025-08-22T18:32:44.935146
Medium_Wide,Smart_GA,True,DroneSimulationEnvironment.__init__() got an unexpected keyword argument 'area_width',2025-08-22T18:32:44.936148
Medium_Wide,Standard_GA,False,DroneSimulationEnvironment.__init__() got an unexpected keyword argument 'area_width',2025-08-22T18:32:44.936148
Medium_Wide,Standard_GA,False,DroneSimulationEnvironment.__init__() got an unexpected keyword argument 'area_width',2025-08-22T18:32:44.936148
Medium_Wide,Standard_GA,False,DroneSimulationEnvironment.__init__() got an unexpected keyword argument 'area_width',2025-08-22T18:32:44.936148
Medium_Wide,Standard_GA,False,DroneSimulationEnvironment.__init__() got an unexpected keyword argument 'area_width',2025-08-22T18:32:44.937147
Medium_Wide,Standard_GA,False,DroneSimulationEnvironment.__init__() got an unexpected keyword argument 'area_width',2025-08-22T18:32:44.937147
Medium_Wide,Standard_GA,True,DroneSimulationEnvironment.__init__() got an unexpected keyword argument 'area_width',2025-08-22T18:32:44.937147
Medium_Wide,Standard_GA,True,DroneSimulationEnvironment.__init__() got an unexpected keyword argument 'area_width',2025-08-22T18:32:44.943876
Medium_Wide,Standard_GA,True,DroneSimulationEnvironment.__init__() got an unexpected keyword argument 'area_width',2025-08-22T18:32:44.972509
Medium_Wide,Standard_GA,True,DroneSimulationEnvironment.__init__() got an unexpected keyword argument 'area_width',2025-08-22T18:32:44.972509
Medium_Wide,Standard_GA,True,DroneSimulationEnvironment.__init__() got an unexpected keyword argument 'area_width',2025-08-22T18:32:44.972509
Medium_Wide,Smart_SA,False,DroneSimulationEnvironment.__init__() got an unexpected keyword argument 'area_width',2025-08-22T18:32:44.972509
Medium_Wide,Smart_SA,False,DroneSimulationEnvironment.__init__() got an unexpected keyword argument 'area_width',2025-08-22T18:32:44.972509
Medium_Wide,Smart_SA,False,DroneSimulationEnvironment.__init__() got an unexpected keyword argument 'area_width',2025-08-22T18:32:44.972509
Medium_Wide,Smart_SA,False,DroneSimulationEnvironment.__init__() got an unexpected keyword argument 'area_width',2025-08-22T18:32:44.972509
Medium_Wide,Smart_SA,False,DroneSimulationEnvironment.__init__() got an unexpected keyword argument 'area_width',2025-08-22T18:32:44.972509
Medium_Wide,Smart_SA,True,DroneSimulationEnvironment.__init__() got an unexpected keyword argument 'area_width',2025-08-22T18:32:44.972509
Medium_Wide,Smart_SA,True,DroneSimulationEnvironment.__init__() got an unexpected keyword argument 'area_width',2025-08-22T18:32:44.972509
Medium_Wide,Smart_SA,True,DroneSimulationEnvironment.__init__() got an unexpected keyword argument 'area_width',2025-08-22T18:32:44.972509
Medium_Wide,Smart_SA,True,DroneSimulationEnvironment.__init__() got an unexpected keyword argument 'area_width',2025-08-22T18:32:44.972509
Medium_Wide,Smart_SA,True,DroneSimulationEnvironment.__init__() got an unexpected keyword argument 'area_width',2025-08-22T18:32:44.972509
Medium_Wide,Standard_SA,False,DroneSimulationEnvironment.__init__() got an unexpected keyword argument 'area_width',2025-08-22T18:32:44.972509
Medium_Wide,Standard_SA,False,DroneSimulationEnvironment.__init__() got an unexpected keyword argument 'area_width',2025-08-22T18:32:44.972509
Medium_Wide,Standard_SA,False,DroneSimulationEnvironment.__init__() got an unexpected keyword argument 'area_width',2025-08-22T18:32:44.972509
Medium_Wide,Standard_SA,False,DroneSimulationEnvironment.__init__() got an unexpected keyword argument 'area_width',2025-08-22T18:32:44.972509
Medium_Wide,Standard_SA,False,DroneSimulationEnvironment.__init__() got an unexpected keyword argument 'area_width',2025-08-22T18:32:44.972509
Medium_Wide,Standard_SA,True,DroneSimulationEnvironment.__init__() got an unexpected keyword argument 'area_width',2025-08-22T18:32:44.972509
Medium_Wide,Standard_SA,True,DroneSimulationEnvironment.__init__() got an unexpected keyword argument 'area_width',2025-08-22T18:32:44.972509
Medium_Wide,Standard_SA,True,DroneSimulationEnvironment.__init__() got an unexpected keyword argument 'area_width',2025-08-22T18:32:44.972509
Medium_Wide,Standard_SA,True,DroneSimulationEnvironment.__init__() got an unexpected keyword argument 'area_width',2025-08-22T18:32:44.972509
Medium_Wide,Standard_SA,True,DroneSimulationEnvironment.__init__() got an unexpected keyword argument 'area_width',2025-08-22T18:32:44.972509
Medium_Wide,Greedy,False,DroneSimulationEnvironment.__init__() got an unexpected keyword argument 'area_width',2025-08-22T18:32:44.980439
Medium_Wide,Greedy,False,DroneSimulationEnvironment.__init__() got an unexpected keyword argument 'area_width',2025-08-22T18:32:44.981441
Medium_Wide,Greedy,False,DroneSimulationEnvironment.__init__() got an unexpected keyword argument 'area_width',2025-08-22T18:32:44.981441
Medium_Wide,Greedy,False,DroneSimulationEnvironment.__init__() got an unexpected keyword argument 'area_width',2025-08-22T18:32:44.981441
Medium_Wide,Greedy,False,DroneSimulationEnvironment.__init__() got an unexpected keyword argument 'area_width',2025-08-22T18:32:44.981441
Medium_Wide,Greedy,True,DroneSimulationEnvironment.__init__() got an unexpected keyword argument 'area_width',2025-08-22T18:32:44.982440
Medium_Wide,Greedy,True,DroneSimulationEnvironment.__init__() got an unexpected keyword argument 'area_width',2025-08-22T18:32:44.982440
Medium_Wide,Greedy,True,DroneSimulationEnvironment.__init__() got an unexpected keyword argument 'area_width',2025-08-22T18:32:44.982440
Medium_Wide,Greedy,True,DroneSimulationEnvironment.__init__() got an unexpected keyword argument 'area_width',2025-08-22T18:32:44.982440
Medium_Wide,Greedy,True,DroneSimulationEnvironment.__init__() got an unexpected keyword argument 'area_width',2025-08-22T18:32:44.982440
Medium_Tall,Smart_PSO,False,DroneSimulationEnvironment.__init__() got an unexpected keyword argument 'area_width',2025-08-22T18:32:44.983441
Medium_Tall,Smart_PSO,False,DroneSimulationEnvironment.__init__() got an unexpected keyword argument 'area_width',2025-08-22T18:32:44.983441
Medium_Tall,Smart_PSO,False,DroneSimulationEnvironment.__init__() got an unexpected keyword argument 'area_width',2025-08-22T18:32:44.984441
Medium_Tall,Smart_PSO,False,DroneSimulationEnvironment.__init__() got an unexpected keyword argument 'area_width',2025-08-22T18:32:44.984441
Medium_Tall,Smart_PSO,False,DroneSimulationEnvironment.__init__() got an unexpected keyword argument 'area_width',2025-08-22T18:32:44.984441
Medium_Tall,Smart_PSO,True,DroneSimulationEnvironment.__init__() got an unexpected keyword argument 'area_width',2025-08-22T18:32:44.984441
Medium_Tall,Smart_PSO,True,DroneSimulationEnvironment.__init__() got an unexpected keyword argument 'area_width',2025-08-22T18:32:44.984441
Medium_Tall,Smart_PSO,True,DroneSimulationEnvironment.__init__() got an unexpected keyword argument 'area_width',2025-08-22T18:32:44.985655
Medium_Tall,Smart_PSO,True,DroneSimulationEnvironment.__init__() got an unexpected keyword argument 'area_width',2025-08-22T18:32:44.985655
Medium_Tall,Smart_PSO,True,DroneSimulationEnvironment.__init__() got an unexpected keyword argument 'area_width',2025-08-22T18:32:44.985655
Medium_Tall,Standard_PSO,False,DroneSimulationEnvironment.__init__() got an unexpected keyword argument 'area_width',2025-08-22T18:32:44.986500
Medium_Tall,Standard_PSO,False,DroneSimulationEnvironment.__init__() got an unexpected keyword argument 'area_width',2025-08-22T18:32:44.986500
Medium_Tall,Standard_PSO,False,DroneSimulationEnvironment.__init__() got an unexpected keyword argument 'area_width',2025-08-22T18:32:44.986500
Medium_Tall,Standard_PSO,False,DroneSimulationEnvironment.__init__() got an unexpected keyword argument 'area_width',2025-08-22T18:32:44.986500
Medium_Tall,Standard_PSO,False,DroneSimulationEnvironment.__init__() got an unexpected keyword argument 'area_width',2025-08-22T18:32:44.986500
Medium_Tall,Standard_PSO,True,DroneSimulationEnvironment.__init__() got an unexpected keyword argument 'area_width',2025-08-22T18:32:44.986500
Medium_Tall,Standard_PSO,True,DroneSimulationEnvironment.__init__() got an unexpected keyword argument 'area_width',2025-08-22T18:32:44.986500
Medium_Tall,Standard_PSO,True,DroneSimulationEnvironment.__init__() got an unexpected keyword argument 'area_width',2025-08-22T18:32:44.986500
Medium_Tall,Standard_PSO,True,DroneSimulationEnvironment.__init__() got an unexpected keyword argument 'area_width',2025-08-22T18:32:44.986500
Medium_Tall,Standard_PSO,True,DroneSimulationEnvironment.__init__() got an unexpected keyword argument 'area_width',2025-08-22T18:32:44.986500
Medium_Tall,Smart_GA,False,DroneSimulationEnvironment.__init__() got an unexpected keyword argument 'area_width',2025-08-22T18:32:44.986500
Medium_Tall,Smart_GA,False,DroneSimulationEnvironment.__init__() got an unexpected keyword argument 'area_width',2025-08-22T18:32:44.986500
Medium_Tall,Smart_GA,False,DroneSimulationEnvironment.__init__() got an unexpected keyword argument 'area_width',2025-08-22T18:32:44.986500
Medium_Tall,Smart_GA,False,DroneSimulationEnvironment.__init__() got an unexpected keyword argument 'area_width',2025-08-22T18:32:44.986500
Medium_Tall,Smart_GA,False,DroneSimulationEnvironment.__init__() got an unexpected keyword argument 'area_width',2025-08-22T18:32:44.986500
Medium_Tall,Smart_GA,True,DroneSimulationEnvironment.__init__() got an unexpected keyword argument 'area_width',2025-08-22T18:32:44.986500
Medium_Tall,Smart_GA,True,DroneSimulationEnvironment.__init__() got an unexpected keyword argument 'area_width',2025-08-22T18:32:44.986500
Medium_Tall,Smart_GA,True,DroneSimulationEnvironment.__init__() got an unexpected keyword argument 'area_width',2025-08-22T18:32:44.986500
Medium_Tall,Smart_GA,True,DroneSimulationEnvironment.__init__() got an unexpected keyword argument 'area_width',2025-08-22T18:32:44.986500
Medium_Tall,Smart_GA,True,DroneSimulationEnvironment.__init__() got an unexpected keyword argument 'area_width',2025-08-22T18:32:44.986500
Medium_Tall,Standard_GA,False,DroneSimulationEnvironment.__init__() got an unexpected keyword argument 'area_width',2025-08-22T18:32:44.986500
Medium_Tall,Standard_GA,False,DroneSimulationEnvironment.__init__() got an unexpected keyword argument 'area_width',2025-08-22T18:32:44.986500
Medium_Tall,Standard_GA,False,DroneSimulationEnvironment.__init__() got an unexpected keyword argument 'area_width',2025-08-22T18:32:44.986500
Medium_Tall,Standard_GA,False,DroneSimulationEnvironment.__init__() got an unexpected keyword argument 'area_width',2025-08-22T18:32:44.986500
Medium_Tall,Standard_GA,False,DroneSimulationEnvironment.__init__() got an unexpected keyword argument 'area_width',2025-08-22T18:32:44.986500
Medium_Tall,Standard_GA,True,DroneSimulationEnvironment.__init__() got an unexpected keyword argument 'area_width',2025-08-22T18:32:44.986500
Medium_Tall,Standard_GA,True,DroneSimulationEnvironment.__init__() got an unexpected keyword argument 'area_width',2025-08-22T18:32:44.986500
Medium_Tall,Standard_GA,True,DroneSimulationEnvironment.__init__() got an unexpected keyword argument 'area_width',2025-08-22T18:32:44.986500
Medium_Tall,Standard_GA,True,DroneSimulationEnvironment.__init__() got an unexpected keyword argument 'area_width',2025-08-22T18:32:44.993993
Medium_Tall,Standard_GA,True,DroneSimulationEnvironment.__init__() got an unexpected keyword argument 'area_width',2025-08-22T18:32:44.993993
Medium_Tall,Smart_SA,False,DroneSimulationEnvironment.__init__() got an unexpected keyword argument 'area_width',2025-08-22T18:32:44.993993
Medium_Tall,Smart_SA,False,DroneSimulationEnvironment.__init__() got an unexpected keyword argument 'area_width',2025-08-22T18:32:44.993993
Medium_Tall,Smart_SA,False,DroneSimulationEnvironment.__init__() got an unexpected keyword argument 'area_width',2025-08-22T18:32:44.993993
Medium_Tall,Smart_SA,False,DroneSimulationEnvironment.__init__() got an unexpected keyword argument 'area_width',2025-08-22T18:32:44.993993
Medium_Tall,Smart_SA,False,DroneSimulationEnvironment.__init__() got an unexpected keyword argument 'area_width',2025-08-22T18:32:44.993993
Medium_Tall,Smart_SA,True,DroneSimulationEnvironment.__init__() got an unexpected keyword argument 'area_width',2025-08-22T18:32:44.997113
Medium_Tall,Smart_SA,True,DroneSimulationEnvironment.__init__() got an unexpected keyword argument 'area_width',2025-08-22T18:32:44.997113
Medium_Tall,Smart_SA,True,DroneSimulationEnvironment.__init__() got an unexpected keyword argument 'area_width',2025-08-22T18:32:44.998114
Medium_Tall,Smart_SA,True,DroneSimulationEnvironment.__init__() got an unexpected keyword argument 'area_width',2025-08-22T18:32:44.998114
Medium_Tall,Smart_SA,True,DroneSimulationEnvironment.__init__() got an unexpected keyword argument 'area_width',2025-08-22T18:32:44.998114
Medium_Tall,Standard_SA,False,DroneSimulationEnvironment.__init__() got an unexpected keyword argument 'area_width',2025-08-22T18:32:44.998114
Medium_Tall,Standard_SA,False,DroneSimulationEnvironment.__init__() got an unexpected keyword argument 'area_width',2025-08-22T18:32:44.998114
Medium_Tall,Standard_SA,False,DroneSimulationEnvironment.__init__() got an unexpected keyword argument 'area_width',2025-08-22T18:32:44.999114
Medium_Tall,Standard_SA,False,DroneSimulationEnvironment.__init__() got an unexpected keyword argument 'area_width',2025-08-22T18:32:44.999114
Medium_Tall,Standard_SA,False,DroneSimulationEnvironment.__init__() got an unexpected keyword argument 'area_width',2025-08-22T18:32:44.999114
Medium_Tall,Standard_SA,True,DroneSimulationEnvironment.__init__() got an unexpected keyword argument 'area_width',2025-08-22T18:32:44.999114
Medium_Tall,Standard_SA,True,DroneSimulationEnvironment.__init__() got an unexpected keyword argument 'area_width',2025-08-22T18:32:45.000114
Medium_Tall,Standard_SA,True,DroneSimulationEnvironment.__init__() got an unexpected keyword argument 'area_width',2025-08-22T18:32:45.000114
Medium_Tall,Standard_SA,True,DroneSimulationEnvironment.__init__() got an unexpected keyword argument 'area_width',2025-08-22T18:32:45.000114
Medium_Tall,Standard_SA,True,DroneSimulationEnvironment.__init__() got an unexpected keyword argument 'area_width',2025-08-22T18:32:45.000114
Medium_Tall,Greedy,False,DroneSimulationEnvironment.__init__() got an unexpected keyword argument 'area_width',2025-08-22T18:32:45.001114
Medium_Tall,Greedy,False,DroneSimulationEnvironment.__init__() got an unexpected keyword argument 'area_width',2025-08-22T18:32:45.001114
Medium_Tall,Greedy,False,DroneSimulationEnvironment.__init__() got an unexpected keyword argument 'area_width',2025-08-22T18:32:45.001114
Medium_Tall,Greedy,False,DroneSimulationEnvironment.__init__() got an unexpected keyword argument 'area_width',2025-08-22T18:32:45.001871
Medium_Tall,Greedy,False,DroneSimulationEnvironment.__init__() got an unexpected keyword argument 'area_width',2025-08-22T18:32:45.001871
Medium_Tall,Greedy,True,DroneSimulationEnvironment.__init__() got an unexpected keyword argument 'area_width',2025-08-22T18:32:45.002901
Medium_Tall,Greedy,True,DroneSimulationEnvironment.__init__() got an unexpected keyword argument 'area_width',2025-08-22T18:32:45.002901
Medium_Tall,Greedy,True,DroneSimulationEnvironment.__init__() got an unexpected keyword argument 'area_width',2025-08-22T18:32:45.004432
Medium_Tall,Greedy,True,DroneSimulationEnvironment.__init__() got an unexpected keyword argument 'area_width',2025-08-22T18:32:45.004432
Medium_Tall,Greedy,True,DroneSimulationEnvironment.__init__() got an unexpected keyword argument 'area_width',2025-08-22T18:32:45.004432
Large_Grid,Smart_PSO,False,DroneSimulationEnvironment.__init__() got an unexpected keyword argument 'area_width',2025-08-22T18:32:45.004432
Large_Grid,Smart_PSO,False,DroneSimulationEnvironment.__init__() got an unexpected keyword argument 'area_width',2025-08-22T18:32:45.004432
Large_Grid,Smart_PSO,False,DroneSimulationEnvironment.__init__() got an unexpected keyword argument 'area_width',2025-08-22T18:32:45.004432
Large_Grid,Smart_PSO,False,DroneSimulationEnvironment.__init__() got an unexpected keyword argument 'area_width',2025-08-22T18:32:45.004432
Large_Grid,Smart_PSO,False,DroneSimulationEnvironment.__init__() got an unexpected keyword argument 'area_width',2025-08-22T18:32:45.004432
Large_Grid,Smart_PSO,True,DroneSimulationEnvironment.__init__() got an unexpected keyword argument 'area_width',2025-08-22T18:32:45.004432
Large_Grid,Smart_PSO,True,DroneSimulationEnvironment.__init__() got an unexpected keyword argument 'area_width',2025-08-22T18:32:45.004432
Large_Grid,Smart_PSO,True,DroneSimulationEnvironment.__init__() got an unexpected keyword argument 'area_width',2025-08-22T18:32:45.004432
Large_Grid,Smart_PSO,True,DroneSimulationEnvironment.__init__() got an unexpected keyword argument 'area_width',2025-08-22T18:32:45.004432
Large_Grid,Smart_PSO,True,DroneSimulationEnvironment.__init__() got an unexpected keyword argument 'area_width',2025-08-22T18:32:45.004432
Large_Grid,Standard_PSO,False,DroneSimulationEnvironment.__init__() got an unexpected keyword argument 'area_width',2025-08-22T18:32:45.004432
Large_Grid,Standard_PSO,False,DroneSimulationEnvironment.__init__() got an unexpected keyword argument 'area_width',2025-08-22T18:32:45.004432
Large_Grid,Standard_PSO,False,DroneSimulationEnvironment.__init__() got an unexpected keyword argument 'area_width',2025-08-22T18:32:45.004432
Large_Grid,Standard_PSO,False,DroneSimulationEnvironment.__init__() got an unexpected keyword argument 'area_width',2025-08-22T18:32:45.004432
Large_Grid,Standard_PSO,False,DroneSimulationEnvironment.__init__() got an unexpected keyword argument 'area_width',2025-08-22T18:32:45.004432
Large_Grid,Standard_PSO,True,DroneSimulationEnvironment.__init__() got an unexpected keyword argument 'area_width',2025-08-22T18:32:45.004432
Large_Grid,Standard_PSO,True,DroneSimulationEnvironment.__init__() got an unexpected keyword argument 'area_width',2025-08-22T18:32:45.004432
Large_Grid,Standard_PSO,True,DroneSimulationEnvironment.__init__() got an unexpected keyword argument 'area_width',2025-08-22T18:32:45.004432
Large_Grid,Standard_PSO,True,DroneSimulationEnvironment.__init__() got an unexpected keyword argument 'area_width',2025-08-22T18:32:45.004432
Large_Grid,Standard_PSO,True,DroneSimulationEnvironment.__init__() got an unexpected keyword argument 'area_width',2025-08-22T18:32:45.004432
Large_Grid,Smart_GA,False,DroneSimulationEnvironment.__init__() got an unexpected keyword argument 'area_width',2025-08-22T18:32:45.004432
Large_Grid,Smart_GA,False,DroneSimulationEnvironment.__init__() got an unexpected keyword argument 'area_width',2025-08-22T18:32:45.004432
Large_Grid,Smart_GA,False,DroneSimulationEnvironment.__init__() got an unexpected keyword argument 'area_width',2025-08-22T18:32:45.004432
Large_Grid,Smart_GA,False,DroneSimulationEnvironment.__init__() got an unexpected keyword argument 'area_width',2025-08-22T18:32:45.004432
Large_Grid,Smart_GA,False,DroneSimulationEnvironment.__init__() got an unexpected keyword argument 'area_width',2025-08-22T18:32:45.004432
Large_Grid,Smart_GA,True,DroneSimulationEnvironment.__init__() got an unexpected keyword argument 'area_width',2025-08-22T18:32:45.004432
Large_Grid,Smart_GA,True,DroneSimulationEnvironment.__init__() got an unexpected keyword argument 'area_width',2025-08-22T18:32:45.004432
Large_Grid,Smart_GA,True,DroneSimulationEnvironment.__init__() got an unexpected keyword argument 'area_width',2025-08-22T18:32:45.004432
Large_Grid,Smart_GA,True,DroneSimulationEnvironment.__init__() got an unexpected keyword argument 'area_width',2025-08-22T18:32:45.004432
Large_Grid,Smart_GA,True,DroneSimulationEnvironment.__init__() got an unexpected keyword argument 'area_width',2025-08-22T18:32:45.004432
Large_Grid,Standard_GA,False,DroneSimulationEnvironment.__init__() got an unexpected keyword argument 'area_width',2025-08-22T18:32:45.014121
Large_Grid,Standard_GA,False,DroneSimulationEnvironment.__init__() got an unexpected keyword argument 'area_width',2025-08-22T18:32:45.014121
Large_Grid,Standard_GA,False,DroneSimulationEnvironment.__init__() got an unexpected keyword argument 'area_width',2025-08-22T18:32:45.015123
Large_Grid,Standard_GA,False,DroneSimulationEnvironment.__init__() got an unexpected keyword argument 'area_width',2025-08-22T18:32:45.015123
Large_Grid,Standard_GA,False,DroneSimulationEnvironment.__init__() got an unexpected keyword argument 'area_width',2025-08-22T18:32:45.015123
Large_Grid,Standard_GA,True,DroneSimulationEnvironment.__init__() got an unexpected keyword argument 'area_width',2025-08-22T18:32:45.015123
Large_Grid,Standard_GA,True,DroneSimulationEnvironment.__init__() got an unexpected keyword argument 'area_width',2025-08-22T18:32:45.015123
Large_Grid,Standard_GA,True,DroneSimulationEnvironment.__init__() got an unexpected keyword argument 'area_width',2025-08-22T18:32:45.016122
Large_Grid,Standard_GA,True,DroneSimulationEnvironment.__init__() got an unexpected keyword argument 'area_width',2025-08-22T18:32:45.016122
Large_Grid,Standard_GA,True,DroneSimulationEnvironment.__init__() got an unexpected keyword argument 'area_width',2025-08-22T18:32:45.016122
Large_Grid,Smart_SA,False,DroneSimulationEnvironment.__init__() got an unexpected keyword argument 'area_width',2025-08-22T18:32:45.016122
Large_Grid,Smart_SA,False,DroneSimulationEnvironment.__init__() got an unexpected keyword argument 'area_width',2025-08-22T18:32:45.017120
Large_Grid,Smart_SA,False,DroneSimulationEnvironment.__init__() got an unexpected keyword argument 'area_width',2025-08-22T18:32:45.017120
Large_Grid,Smart_SA,False,DroneSimulationEnvironment.__init__() got an unexpected keyword argument 'area_width',2025-08-22T18:32:45.017120
Large_Grid,Smart_SA,False,DroneSimulationEnvironment.__init__() got an unexpected keyword argument 'area_width',2025-08-22T18:32:45.017120
Large_Grid,Smart_SA,True,DroneSimulationEnvironment.__init__() got an unexpected keyword argument 'area_width',2025-08-22T18:32:45.018121
Large_Grid,Smart_SA,True,DroneSimulationEnvironment.__init__() got an unexpected keyword argument 'area_width',2025-08-22T18:32:45.018121
Large_Grid,Smart_SA,True,DroneSimulationEnvironment.__init__() got an unexpected keyword argument 'area_width',2025-08-22T18:32:45.018121
Large_Grid,Smart_SA,True,DroneSimulationEnvironment.__init__() got an unexpected keyword argument 'area_width',2025-08-22T18:32:45.018121
Large_Grid,Smart_SA,True,DroneSimulationEnvironment.__init__() got an unexpected keyword argument 'area_width',2025-08-22T18:32:45.018121
Large_Grid,Standard_SA,False,DroneSimulationEnvironment.__init__() got an unexpected keyword argument 'area_width',2025-08-22T18:32:45.019120
Large_Grid,Standard_SA,False,DroneSimulationEnvironment.__init__() got an unexpected keyword argument 'area_width',2025-08-22T18:32:45.019120
Large_Grid,Standard_SA,False,DroneSimulationEnvironment.__init__() got an unexpected keyword argument 'area_width',2025-08-22T18:32:45.019120
Large_Grid,Standard_SA,False,DroneSimulationEnvironment.__init__() got an unexpected keyword argument 'area_width',2025-08-22T18:32:45.020050
Large_Grid,Standard_SA,False,DroneSimulationEnvironment.__init__() got an unexpected keyword argument 'area_width',2025-08-22T18:32:45.020050
Large_Grid,Standard_SA,True,DroneSimulationEnvironment.__init__() got an unexpected keyword argument 'area_width',2025-08-22T18:32:45.020492
Large_Grid,Standard_SA,True,DroneSimulationEnvironment.__init__() got an unexpected keyword argument 'area_width',2025-08-22T18:32:45.020492
Large_Grid,Standard_SA,True,DroneSimulationEnvironment.__init__() got an unexpected keyword argument 'area_width',2025-08-22T18:32:45.020492
Large_Grid,Standard_SA,True,DroneSimulationEnvironment.__init__() got an unexpected keyword argument 'area_width',2025-08-22T18:32:45.020492
Large_Grid,Standard_SA,True,DroneSimulationEnvironment.__init__() got an unexpected keyword argument 'area_width',2025-08-22T18:32:45.020492
Large_Grid,Greedy,False,DroneSimulationEnvironment.__init__() got an unexpected keyword argument 'area_width',2025-08-22T18:32:45.021493
Large_Grid,Greedy,False,DroneSimulationEnvironment.__init__() got an unexpected keyword argument 'area_width',2025-08-22T18:32:45.021493
Large_Grid,Greedy,False,DroneSimulationEnvironment.__init__() got an unexpected keyword argument 'area_width',2025-08-22T18:32:45.021493
Large_Grid,Greedy,False,DroneSimulationEnvironment.__init__() got an unexpected keyword argument 'area_width',2025-08-22T18:32:45.021493
Large_Grid,Greedy,False,DroneSimulationEnvironment.__init__() got an unexpected keyword argument 'area_width',2025-08-22T18:32:45.022493
Large_Grid,Greedy,True,DroneSimulationEnvironment.__init__() got an unexpected keyword argument 'area_width',2025-08-22T18:32:45.022493
Large_Grid,Greedy,True,DroneSimulationEnvironment.__init__() got an unexpected keyword argument 'area_width',2025-08-22T18:32:45.022493
Large_Grid,Greedy,True,DroneSimulationEnvironment.__init__() got an unexpected keyword argument 'area_width',2025-08-22T18:32:45.022493
Large_Grid,Greedy,True,DroneSimulationEnvironment.__init__() got an unexpected keyword argument 'area_width',2025-08-22T18:32:45.022493
Large_Grid,Greedy,True,DroneSimulationEnvironment.__init__() got an unexpected keyword argument 'area_width',2025-08-22T18:32:45.023814
Large_Extended,Smart_PSO,False,DroneSimulationEnvironment.__init__() got an unexpected keyword argument 'area_width',2025-08-22T18:32:45.023814
Large_Extended,Smart_PSO,False,DroneSimulationEnvironment.__init__() got an unexpected keyword argument 'area_width',2025-08-22T18:32:45.023814
Large_Extended,Smart_PSO,False,DroneSimulationEnvironment.__init__() got an unexpected keyword argument 'area_width',2025-08-22T18:32:45.023814
Large_Extended,Smart_PSO,False,DroneSimulationEnvironment.__init__() got an unexpected keyword argument 'area_width',2025-08-22T18:32:45.025330
Large_Extended,Smart_PSO,False,DroneSimulationEnvironment.__init__() got an unexpected keyword argument 'area_width',2025-08-22T18:32:45.025330
Large_Extended,Smart_PSO,True,DroneSimulationEnvironment.__init__() got an unexpected keyword argument 'area_width',2025-08-22T18:32:45.025330
Large_Extended,Smart_PSO,True,DroneSimulationEnvironment.__init__() got an unexpected keyword argument 'area_width',2025-08-22T18:32:45.025330
Large_Extended,Smart_PSO,True,DroneSimulationEnvironment.__init__() got an unexpected keyword argument 'area_width',2025-08-22T18:32:45.025330
Large_Extended,Smart_PSO,True,DroneSimulationEnvironment.__init__() got an unexpected keyword argument 'area_width',2025-08-22T18:32:45.025330
Large_Extended,Smart_PSO,True,DroneSimulationEnvironment.__init__() got an unexpected keyword argument 'area_width',2025-08-22T18:32:45.025330
Large_Extended,Standard_PSO,False,DroneSimulationEnvironment.__init__() got an unexpected keyword argument 'area_width',2025-08-22T18:32:45.025330
Large_Extended,Standard_PSO,False,DroneSimulationEnvironment.__init__() got an unexpected keyword argument 'area_width',2025-08-22T18:32:45.025330
Large_Extended,Standard_PSO,False,DroneSimulationEnvironment.__init__() got an unexpected keyword argument 'area_width',2025-08-22T18:32:45.025330
Large_Extended,Standard_PSO,False,DroneSimulationEnvironment.__init__() got an unexpected keyword argument 'area_width',2025-08-22T18:32:45.025330
Large_Extended,Standard_PSO,False,DroneSimulationEnvironment.__init__() got an unexpected keyword argument 'area_width',2025-08-22T18:32:45.025330
Large_Extended,Standard_PSO,True,DroneSimulationEnvironment.__init__() got an unexpected keyword argument 'area_width',2025-08-22T18:32:45.025330
Large_Extended,Standard_PSO,True,DroneSimulationEnvironment.__init__() got an unexpected keyword argument 'area_width',2025-08-22T18:32:45.025330
Large_Extended,Standard_PSO,True,DroneSimulationEnvironment.__init__() got an unexpected keyword argument 'area_width',2025-08-22T18:32:45.025330
Large_Extended,Standard_PSO,True,DroneSimulationEnvironment.__init__() got an unexpected keyword argument 'area_width',2025-08-22T18:32:45.025330
Large_Extended,Standard_PSO,True,DroneSimulationEnvironment.__init__() got an unexpected keyword argument 'area_width',2025-08-22T18:32:45.025330
Large_Extended,Smart_GA,False,DroneSimulationEnvironment.__init__() got an unexpected keyword argument 'area_width',2025-08-22T18:32:45.025330
Large_Extended,Smart_GA,False,DroneSimulationEnvironment.__init__() got an unexpected keyword argument 'area_width',2025-08-22T18:32:45.031229
Large_Extended,Smart_GA,False,DroneSimulationEnvironment.__init__() got an unexpected keyword argument 'area_width',2025-08-22T18:32:45.031229
Large_Extended,Smart_GA,False,DroneSimulationEnvironment.__init__() got an unexpected keyword argument 'area_width',2025-08-22T18:32:45.031229
Large_Extended,Smart_GA,False,DroneSimulationEnvironment.__init__() got an unexpected keyword argument 'area_width',2025-08-22T18:32:45.031229
Large_Extended,Smart_GA,True,DroneSimulationEnvironment.__init__() got an unexpected keyword argument 'area_width',2025-08-22T18:32:45.032227
Large_Extended,Smart_GA,True,DroneSimulationEnvironment.__init__() got an unexpected keyword argument 'area_width',2025-08-22T18:32:45.032227
Large_Extended,Smart_GA,True,DroneSimulationEnvironment.__init__() got an unexpected keyword argument 'area_width',2025-08-22T18:32:45.032227
Large_Extended,Smart_GA,True,DroneSimulationEnvironment.__init__() got an unexpected keyword argument 'area_width',2025-08-22T18:32:45.032227
Large_Extended,Smart_GA,True,DroneSimulationEnvironment.__init__() got an unexpected keyword argument 'area_width',2025-08-22T18:32:45.032227
Large_Extended,Standard_GA,False,DroneSimulationEnvironment.__init__() got an unexpected keyword argument 'area_width',2025-08-22T18:32:45.033227
Large_Extended,Standard_GA,False,DroneSimulationEnvironment.__init__() got an unexpected keyword argument 'area_width',2025-08-22T18:32:45.033227
Large_Extended,Standard_GA,False,DroneSimulationEnvironment.__init__() got an unexpected keyword argument 'area_width',2025-08-22T18:32:45.033227
Large_Extended,Standard_GA,False,DroneSimulationEnvironment.__init__() got an unexpected keyword argument 'area_width',2025-08-22T18:32:45.033227
Large_Extended,Standard_GA,False,DroneSimulationEnvironment.__init__() got an unexpected keyword argument 'area_width',2025-08-22T18:32:45.034228
Large_Extended,Standard_GA,True,DroneSimulationEnvironment.__init__() got an unexpected keyword argument 'area_width',2025-08-22T18:32:45.034228
Large_Extended,Standard_GA,True,DroneSimulationEnvironment.__init__() got an unexpected keyword argument 'area_width',2025-08-22T18:32:45.034228
Large_Extended,Standard_GA,True,DroneSimulationEnvironment.__init__() got an unexpected keyword argument 'area_width',2025-08-22T18:32:45.034228
Large_Extended,Standard_GA,True,DroneSimulationEnvironment.__init__() got an unexpected keyword argument 'area_width',2025-08-22T18:32:45.035226
Large_Extended,Standard_GA,True,DroneSimulationEnvironment.__init__() got an unexpected keyword argument 'area_width',2025-08-22T18:32:45.035226
Large_Extended,Smart_SA,False,DroneSimulationEnvironment.__init__() got an unexpected keyword argument 'area_width',2025-08-22T18:32:45.035226
Large_Extended,Smart_SA,False,DroneSimulationEnvironment.__init__() got an unexpected keyword argument 'area_width',2025-08-22T18:32:45.035226
Large_Extended,Smart_SA,False,DroneSimulationEnvironment.__init__() got an unexpected keyword argument 'area_width',2025-08-22T18:32:45.036228
Large_Extended,Smart_SA,False,DroneSimulationEnvironment.__init__() got an unexpected keyword argument 'area_width',2025-08-22T18:32:45.036228
Large_Extended,Smart_SA,False,DroneSimulationEnvironment.__init__() got an unexpected keyword argument 'area_width',2025-08-22T18:32:45.036228
Large_Extended,Smart_SA,True,DroneSimulationEnvironment.__init__() got an unexpected keyword argument 'area_width',2025-08-22T18:32:45.036228
Large_Extended,Smart_SA,True,DroneSimulationEnvironment.__init__() got an unexpected keyword argument 'area_width',2025-08-22T18:32:45.037227
Large_Extended,Smart_SA,True,DroneSimulationEnvironment.__init__() got an unexpected keyword argument 'area_width',2025-08-22T18:32:45.037227
Large_Extended,Smart_SA,True,DroneSimulationEnvironment.__init__() got an unexpected keyword argument 'area_width',2025-08-22T18:32:45.037227
Large_Extended,Smart_SA,True,DroneSimulationEnvironment.__init__() got an unexpected keyword argument 'area_width',2025-08-22T18:32:45.037227
Large_Extended,Standard_SA,False,DroneSimulationEnvironment.__init__() got an unexpected keyword argument 'area_width',2025-08-22T18:32:45.038229
Large_Extended,Standard_SA,False,DroneSimulationEnvironment.__init__() got an unexpected keyword argument 'area_width',2025-08-22T18:32:45.038229
Large_Extended,Standard_SA,False,DroneSimulationEnvironment.__init__() got an unexpected keyword argument 'area_width',2025-08-22T18:32:45.038872
Large_Extended,Standard_SA,False,DroneSimulationEnvironment.__init__() got an unexpected keyword argument 'area_width',2025-08-22T18:32:45.039332
Large_Extended,Standard_SA,False,DroneSimulationEnvironment.__init__() got an unexpected keyword argument 'area_width',2025-08-22T18:32:45.039332
Large_Extended,Standard_SA,True,DroneSimulationEnvironment.__init__() got an unexpected keyword argument 'area_width',2025-08-22T18:32:45.039332
Large_Extended,Standard_SA,True,DroneSimulationEnvironment.__init__() got an unexpected keyword argument 'area_width',2025-08-22T18:32:45.039332
Large_Extended,Standard_SA,True,DroneSimulationEnvironment.__init__() got an unexpected keyword argument 'area_width',2025-08-22T18:32:45.039332
Large_Extended,Standard_SA,True,DroneSimulationEnvironment.__init__() got an unexpected keyword argument 'area_width',2025-08-22T18:32:45.040339
Large_Extended,Standard_SA,True,DroneSimulationEnvironment.__init__() got an unexpected keyword argument 'area_width',2025-08-22T18:32:45.040339
Large_Extended,Greedy,False,DroneSimulationEnvironment.__init__() got an unexpected keyword argument 'area_width',2025-08-22T18:32:45.040339
Large_Extended,Greedy,False,DroneSimulationEnvironment.__init__() got an unexpected keyword argument 'area_width',2025-08-22T18:32:45.040339
Large_Extended,Greedy,False,DroneSimulationEnvironment.__init__() got an unexpected keyword argument 'area_width',2025-08-22T18:32:45.041333
Large_Extended,Greedy,False,DroneSimulationEnvironment.__init__() got an unexpected keyword argument 'area_width',2025-08-22T18:32:45.041333
Large_Extended,Greedy,False,DroneSimulationEnvironment.__init__() got an unexpected keyword argument 'area_width',2025-08-22T18:32:45.041333
Large_Extended,Greedy,True,DroneSimulationEnvironment.__init__() got an unexpected keyword argument 'area_width',2025-08-22T18:32:45.041333
Large_Extended,Greedy,True,DroneSimulationEnvironment.__init__() got an unexpected keyword argument 'area_width',2025-08-22T18:32:45.041333
Large_Extended,Greedy,True,DroneSimulationEnvironment.__init__() got an unexpected keyword argument 'area_width',2025-08-22T18:32:45.042723
Large_Extended,Greedy,True,DroneSimulationEnvironment.__init__() got an unexpected keyword argument 'area_width',2025-08-22T18:32:45.042723
Large_Extended,Greedy,True,DroneSimulationEnvironment.__init__() got an unexpected keyword argument 'area_width',2025-08-22T18:32:45.042723
Large_Vertical,Smart_PSO,False,DroneSimulationEnvironment.__init__() got an unexpected keyword argument 'area_width',2025-08-22T18:32:45.042723
Large_Vertical,Smart_PSO,False,DroneSimulationEnvironment.__init__() got an unexpected keyword argument 'area_width',2025-08-22T18:32:45.042723
Large_Vertical,Smart_PSO,False,DroneSimulationEnvironment.__init__() got an unexpected keyword argument 'area_width',2025-08-22T18:32:45.042723
Large_Vertical,Smart_PSO,False,DroneSimulationEnvironment.__init__() got an unexpected keyword argument 'area_width',2025-08-22T18:32:45.042723
Large_Vertical,Smart_PSO,False,DroneSimulationEnvironment.__init__() got an unexpected keyword argument 'area_width',2025-08-22T18:32:45.042723
Large_Vertical,Smart_PSO,True,DroneSimulationEnvironment.__init__() got an unexpected keyword argument 'area_width',2025-08-22T18:32:45.047441
Large_Vertical,Smart_PSO,True,DroneSimulationEnvironment.__init__() got an unexpected keyword argument 'area_width',2025-08-22T18:32:45.047934
Large_Vertical,Smart_PSO,True,DroneSimulationEnvironment.__init__() got an unexpected keyword argument 'area_width',2025-08-22T18:32:45.047934
Large_Vertical,Smart_PSO,True,DroneSimulationEnvironment.__init__() got an unexpected keyword argument 'area_width',2025-08-22T18:32:45.047934
Large_Vertical,Smart_PSO,True,DroneSimulationEnvironment.__init__() got an unexpected keyword argument 'area_width',2025-08-22T18:32:45.047934
Large_Vertical,Standard_PSO,False,DroneSimulationEnvironment.__init__() got an unexpected keyword argument 'area_width',2025-08-22T18:32:45.048935
Large_Vertical,Standard_PSO,False,DroneSimulationEnvironment.__init__() got an unexpected keyword argument 'area_width',2025-08-22T18:32:45.048935
Large_Vertical,Standard_PSO,False,DroneSimulationEnvironment.__init__() got an unexpected keyword argument 'area_width',2025-08-22T18:32:45.048935
Large_Vertical,Standard_PSO,False,DroneSimulationEnvironment.__init__() got an unexpected keyword argument 'area_width',2025-08-22T18:32:45.048935
Large_Vertical,Standard_PSO,False,DroneSimulationEnvironment.__init__() got an unexpected keyword argument 'area_width',2025-08-22T18:32:45.049934
Large_Vertical,Standard_PSO,True,DroneSimulationEnvironment.__init__() got an unexpected keyword argument 'area_width',2025-08-22T18:32:45.049934
Large_Vertical,Standard_PSO,True,DroneSimulationEnvironment.__init__() got an unexpected keyword argument 'area_width',2025-08-22T18:32:45.049934
Large_Vertical,Standard_PSO,True,DroneSimulationEnvironment.__init__() got an unexpected keyword argument 'area_width',2025-08-22T18:32:45.050935
Large_Vertical,Standard_PSO,True,DroneSimulationEnvironment.__init__() got an unexpected keyword argument 'area_width',2025-08-22T18:32:45.050935
Large_Vertical,Standard_PSO,True,DroneSimulationEnvironment.__init__() got an unexpected keyword argument 'area_width',2025-08-22T18:32:45.050935
Large_Vertical,Smart_GA,False,DroneSimulationEnvironment.__init__() got an unexpected keyword argument 'area_width',2025-08-22T18:32:45.051935
Large_Vertical,Smart_GA,False,DroneSimulationEnvironment.__init__() got an unexpected keyword argument 'area_width',2025-08-22T18:32:45.051935
Large_Vertical,Smart_GA,False,DroneSimulationEnvironment.__init__() got an unexpected keyword argument 'area_width',2025-08-22T18:32:45.051935
Large_Vertical,Smart_GA,False,DroneSimulationEnvironment.__init__() got an unexpected keyword argument 'area_width',2025-08-22T18:32:45.051935
Large_Vertical,Smart_GA,False,DroneSimulationEnvironment.__init__() got an unexpected keyword argument 'area_width',2025-08-22T18:32:45.052937
Large_Vertical,Smart_GA,True,DroneSimulationEnvironment.__init__() got an unexpected keyword argument 'area_width',2025-08-22T18:32:45.052937
Large_Vertical,Smart_GA,True,DroneSimulationEnvironment.__init__() got an unexpected keyword argument 'area_width',2025-08-22T18:32:45.052937
Large_Vertical,Smart_GA,True,DroneSimulationEnvironment.__init__() got an unexpected keyword argument 'area_width',2025-08-22T18:32:45.052937
Large_Vertical,Smart_GA,True,DroneSimulationEnvironment.__init__() got an unexpected keyword argument 'area_width',2025-08-22T18:32:45.053936
Large_Vertical,Smart_GA,True,DroneSimulationEnvironment.__init__() got an unexpected keyword argument 'area_width',2025-08-22T18:32:45.053936
Large_Vertical,Standard_GA,False,DroneSimulationEnvironment.__init__() got an unexpected keyword argument 'area_width',2025-08-22T18:32:45.053936
Large_Vertical,Standard_GA,False,DroneSimulationEnvironment.__init__() got an unexpected keyword argument 'area_width',2025-08-22T18:32:45.053936
Large_Vertical,Standard_GA,False,DroneSimulationEnvironment.__init__() got an unexpected keyword argument 'area_width',2025-08-22T18:32:45.054936
Large_Vertical,Standard_GA,False,DroneSimulationEnvironment.__init__() got an unexpected keyword argument 'area_width',2025-08-22T18:32:45.055464
Large_Vertical,Standard_GA,False,DroneSimulationEnvironment.__init__() got an unexpected keyword argument 'area_width',2025-08-22T18:32:45.055464
Large_Vertical,Standard_GA,True,DroneSimulationEnvironment.__init__() got an unexpected keyword argument 'area_width',2025-08-22T18:32:45.056438
Large_Vertical,Standard_GA,True,DroneSimulationEnvironment.__init__() got an unexpected keyword argument 'area_width',2025-08-22T18:32:45.056438
Large_Vertical,Standard_GA,True,DroneSimulationEnvironment.__init__() got an unexpected keyword argument 'area_width',2025-08-22T18:32:45.057388
Large_Vertical,Standard_GA,True,DroneSimulationEnvironment.__init__() got an unexpected keyword argument 'area_width',2025-08-22T18:32:45.057388
Large_Vertical,Standard_GA,True,DroneSimulationEnvironment.__init__() got an unexpected keyword argument 'area_width',2025-08-22T18:32:45.057388
Large_Vertical,Smart_SA,False,DroneSimulationEnvironment.__init__() got an unexpected keyword argument 'area_width',2025-08-22T18:32:45.058389
Large_Vertical,Smart_SA,False,DroneSimulationEnvironment.__init__() got an unexpected keyword argument 'area_width',2025-08-22T18:32:45.058389
Large_Vertical,Smart_SA,False,DroneSimulationEnvironment.__init__() got an unexpected keyword argument 'area_width',2025-08-22T18:32:45.059389
Large_Vertical,Smart_SA,False,DroneSimulationEnvironment.__init__() got an unexpected keyword argument 'area_width',2025-08-22T18:32:45.059389
Large_Vertical,Smart_SA,False,DroneSimulationEnvironment.__init__() got an unexpected keyword argument 'area_width',2025-08-22T18:32:45.059389
Large_Vertical,Smart_SA,True,DroneSimulationEnvironment.__init__() got an unexpected keyword argument 'area_width',2025-08-22T18:32:45.059389
Large_Vertical,Smart_SA,True,DroneSimulationEnvironment.__init__() got an unexpected keyword argument 'area_width',2025-08-22T18:32:45.059389
Large_Vertical,Smart_SA,True,DroneSimulationEnvironment.__init__() got an unexpected keyword argument 'area_width',2025-08-22T18:32:45.059389
Large_Vertical,Smart_SA,True,DroneSimulationEnvironment.__init__() got an unexpected keyword argument 'area_width',2025-08-22T18:32:45.059389
Large_Vertical,Smart_SA,True,DroneSimulationEnvironment.__init__() got an unexpected keyword argument 'area_width',2025-08-22T18:32:45.059389
Large_Vertical,Standard_SA,False,DroneSimulationEnvironment.__init__() got an unexpected keyword argument 'area_width',2025-08-22T18:32:45.063693
Large_Vertical,Standard_SA,False,DroneSimulationEnvironment.__init__() got an unexpected keyword argument 'area_width',2025-08-22T18:32:45.064697
Large_Vertical,Standard_SA,False,DroneSimulationEnvironment.__init__() got an unexpected keyword argument 'area_width',2025-08-22T18:32:45.064697
Large_Vertical,Standard_SA,False,DroneSimulationEnvironment.__init__() got an unexpected keyword argument 'area_width',2025-08-22T18:32:45.065701
Large_Vertical,Standard_SA,False,DroneSimulationEnvironment.__init__() got an unexpected keyword argument 'area_width',2025-08-22T18:32:45.065701
Large_Vertical,Standard_SA,True,DroneSimulationEnvironment.__init__() got an unexpected keyword argument 'area_width',2025-08-22T18:32:45.066649
Large_Vertical,Standard_SA,True,DroneSimulationEnvironment.__init__() got an unexpected keyword argument 'area_width',2025-08-22T18:32:45.066649
Large_Vertical,Standard_SA,True,DroneSimulationEnvironment.__init__() got an unexpected keyword argument 'area_width',2025-08-22T18:32:45.067553
Large_Vertical,Standard_SA,True,DroneSimulationEnvironment.__init__() got an unexpected keyword argument 'area_width',2025-08-22T18:32:45.067553
Large_Vertical,Standard_SA,True,DroneSimulationEnvironment.__init__() got an unexpected keyword argument 'area_width',2025-08-22T18:32:45.068534
Large_Vertical,Greedy,False,DroneSimulationEnvironment.__init__() got an unexpected keyword argument 'area_width',2025-08-22T18:32:45.068534
Large_Vertical,Greedy,False,DroneSimulationEnvironment.__init__() got an unexpected keyword argument 'area_width',2025-08-22T18:32:45.068534
Large_Vertical,Greedy,False,DroneSimulationEnvironment.__init__() got an unexpected keyword argument 'area_width',2025-08-22T18:32:45.069533
Large_Vertical,Greedy,False,DroneSimulationEnvironment.__init__() got an unexpected keyword argument 'area_width',2025-08-22T18:32:45.069533
Large_Vertical,Greedy,False,DroneSimulationEnvironment.__init__() got an unexpected keyword argument 'area_width',2025-08-22T18:32:45.069533
Large_Vertical,Greedy,True,DroneSimulationEnvironment.__init__() got an unexpected keyword argument 'area_width',2025-08-22T18:32:45.069533
Large_Vertical,Greedy,True,DroneSimulationEnvironment.__init__() got an unexpected keyword argument 'area_width',2025-08-22T18:32:45.069533
Large_Vertical,Greedy,True,DroneSimulationEnvironment.__init__() got an unexpected keyword argument 'area_width',2025-08-22T18:32:45.069533
Large_Vertical,Greedy,True,DroneSimulationEnvironment.__init__() got an unexpected keyword argument 'area_width',2025-08-22T18:32:45.069533
Large_Vertical,Greedy,True,DroneSimulationEnvironment.__init__() got an unexpected keyword argument 'area_width',2025-08-22T18:32:45.069533
Extreme_Full,Smart_PSO,False,DroneSimulationEnvironment.__init__() got an unexpected keyword argument 'area_width',2025-08-22T18:32:45.069533
Extreme_Full,Smart_PSO,False,DroneSimulationEnvironment.__init__() got an unexpected keyword argument 'area_width',2025-08-22T18:32:45.069533
Extreme_Full,Smart_PSO,False,DroneSimulationEnvironment.__init__() got an unexpected keyword argument 'area_width',2025-08-22T18:32:45.069533
Extreme_Full,Smart_PSO,False,DroneSimulationEnvironment.__init__() got an unexpected keyword argument 'area_width',2025-08-22T18:32:45.069533
Extreme_Full,Smart_PSO,False,DroneSimulationEnvironment.__init__() got an unexpected keyword argument 'area_width',2025-08-22T18:32:45.069533
Extreme_Full,Smart_PSO,True,DroneSimulationEnvironment.__init__() got an unexpected keyword argument 'area_width',2025-08-22T18:32:45.069533
Extreme_Full,Smart_PSO,True,DroneSimulationEnvironment.__init__() got an unexpected keyword argument 'area_width',2025-08-22T18:32:45.069533
Extreme_Full,Smart_PSO,True,DroneSimulationEnvironment.__init__() got an unexpected keyword argument 'area_width',2025-08-22T18:32:45.069533
Extreme_Full,Smart_PSO,True,DroneSimulationEnvironment.__init__() got an unexpected keyword argument 'area_width',2025-08-22T18:32:45.069533
Extreme_Full,Smart_PSO,True,DroneSimulationEnvironment.__init__() got an unexpected keyword argument 'area_width',2025-08-22T18:32:45.069533
Extreme_Full,Standard_PSO,False,DroneSimulationEnvironment.__init__() got an unexpected keyword argument 'area_width',2025-08-22T18:32:45.069533
Extreme_Full,Standard_PSO,False,DroneSimulationEnvironment.__init__() got an unexpected keyword argument 'area_width',2025-08-22T18:32:45.069533
Extreme_Full,Standard_PSO,False,DroneSimulationEnvironment.__init__() got an unexpected keyword argument 'area_width',2025-08-22T18:32:45.069533
Extreme_Full,Standard_PSO,False,DroneSimulationEnvironment.__init__() got an unexpected keyword argument 'area_width',2025-08-22T18:32:45.069533
Extreme_Full,Standard_PSO,False,DroneSimulationEnvironment.__init__() got an unexpected keyword argument 'area_width',2025-08-22T18:32:45.069533
Extreme_Full,Standard_PSO,True,DroneSimulationEnvironment.__init__() got an unexpected keyword argument 'area_width',2025-08-22T18:32:45.069533
Extreme_Full,Standard_PSO,True,DroneSimulationEnvironment.__init__() got an unexpected keyword argument 'area_width',2025-08-22T18:32:45.069533
Extreme_Full,Standard_PSO,True,DroneSimulationEnvironment.__init__() got an unexpected keyword argument 'area_width',2025-08-22T18:32:45.079112
Extreme_Full,Standard_PSO,True,DroneSimulationEnvironment.__init__() got an unexpected keyword argument 'area_width',2025-08-22T18:32:45.079112
Extreme_Full,Standard_PSO,True,DroneSimulationEnvironment.__init__() got an unexpected keyword argument 'area_width',2025-08-22T18:32:45.080516
Extreme_Full,Smart_GA,False,DroneSimulationEnvironment.__init__() got an unexpected keyword argument 'area_width',2025-08-22T18:32:45.081518
Extreme_Full,Smart_GA,False,DroneSimulationEnvironment.__init__() got an unexpected keyword argument 'area_width',2025-08-22T18:32:45.081518
Extreme_Full,Smart_GA,False,DroneSimulationEnvironment.__init__() got an unexpected keyword argument 'area_width',2025-08-22T18:32:45.081518
Extreme_Full,Smart_GA,False,DroneSimulationEnvironment.__init__() got an unexpected keyword argument 'area_width',2025-08-22T18:32:45.081518
Extreme_Full,Smart_GA,False,DroneSimulationEnvironment.__init__() got an unexpected keyword argument 'area_width',2025-08-22T18:32:45.081518
Extreme_Full,Smart_GA,True,DroneSimulationEnvironment.__init__() got an unexpected keyword argument 'area_width',2025-08-22T18:32:45.082517
Extreme_Full,Smart_GA,True,DroneSimulationEnvironment.__init__() got an unexpected keyword argument 'area_width',2025-08-22T18:32:45.082517
Extreme_Full,Smart_GA,True,DroneSimulationEnvironment.__init__() got an unexpected keyword argument 'area_width',2025-08-22T18:32:45.082517
Extreme_Full,Smart_GA,True,DroneSimulationEnvironment.__init__() got an unexpected keyword argument 'area_width',2025-08-22T18:32:45.082517
Extreme_Full,Smart_GA,True,DroneSimulationEnvironment.__init__() got an unexpected keyword argument 'area_width',2025-08-22T18:32:45.083517
Extreme_Full,Standard_GA,False,DroneSimulationEnvironment.__init__() got an unexpected keyword argument 'area_width',2025-08-22T18:32:45.083517
Extreme_Full,Standard_GA,False,DroneSimulationEnvironment.__init__() got an unexpected keyword argument 'area_width',2025-08-22T18:32:45.083517
Extreme_Full,Standard_GA,False,DroneSimulationEnvironment.__init__() got an unexpected keyword argument 'area_width',2025-08-22T18:32:45.084519
Extreme_Full,Standard_GA,False,DroneSimulationEnvironment.__init__() got an unexpected keyword argument 'area_width',2025-08-22T18:32:45.084739
Extreme_Full,Standard_GA,False,DroneSimulationEnvironment.__init__() got an unexpected keyword argument 'area_width',2025-08-22T18:32:45.084739
Extreme_Full,Standard_GA,True,DroneSimulationEnvironment.__init__() got an unexpected keyword argument 'area_width',2025-08-22T18:32:45.084739
Extreme_Full,Standard_GA,True,DroneSimulationEnvironment.__init__() got an unexpected keyword argument 'area_width',2025-08-22T18:32:45.085650
Extreme_Full,Standard_GA,True,DroneSimulationEnvironment.__init__() got an unexpected keyword argument 'area_width',2025-08-22T18:32:45.085650
Extreme_Full,Standard_GA,True,DroneSimulationEnvironment.__init__() got an unexpected keyword argument 'area_width',2025-08-22T18:32:45.085650
Extreme_Full,Standard_GA,True,DroneSimulationEnvironment.__init__() got an unexpected keyword argument 'area_width',2025-08-22T18:32:45.085650
Extreme_Full,Smart_SA,False,DroneSimulationEnvironment.__init__() got an unexpected keyword argument 'area_width',2025-08-22T18:32:45.085650
Extreme_Full,Smart_SA,False,DroneSimulationEnvironment.__init__() got an unexpected keyword argument 'area_width',2025-08-22T18:32:45.085650
Extreme_Full,Smart_SA,False,DroneSimulationEnvironment.__init__() got an unexpected keyword argument 'area_width',2025-08-22T18:32:45.085650
Extreme_Full,Smart_SA,False,DroneSimulationEnvironment.__init__() got an unexpected keyword argument 'area_width',2025-08-22T18:32:45.085650
Extreme_Full,Smart_SA,False,DroneSimulationEnvironment.__init__() got an unexpected keyword argument 'area_width',2025-08-22T18:32:45.085650
Extreme_Full,Smart_SA,True,DroneSimulationEnvironment.__init__() got an unexpected keyword argument 'area_width',2025-08-22T18:32:45.085650
Extreme_Full,Smart_SA,True,DroneSimulationEnvironment.__init__() got an unexpected keyword argument 'area_width',2025-08-22T18:32:45.085650
Extreme_Full,Smart_SA,True,DroneSimulationEnvironment.__init__() got an unexpected keyword argument 'area_width',2025-08-22T18:32:45.085650
Extreme_Full,Smart_SA,True,DroneSimulationEnvironment.__init__() got an unexpected keyword argument 'area_width',2025-08-22T18:32:45.085650
Extreme_Full,Smart_SA,True,DroneSimulationEnvironment.__init__() got an unexpected keyword argument 'area_width',2025-08-22T18:32:45.089156
Extreme_Full,Standard_SA,False,DroneSimulationEnvironment.__init__() got an unexpected keyword argument 'area_width',2025-08-22T18:32:45.089349
Extreme_Full,Standard_SA,False,DroneSimulationEnvironment.__init__() got an unexpected keyword argument 'area_width',2025-08-22T18:32:45.089349
Extreme_Full,Standard_SA,False,DroneSimulationEnvironment.__init__() got an unexpected keyword argument 'area_width',2025-08-22T18:32:45.089349
Extreme_Full,Standard_SA,False,DroneSimulationEnvironment.__init__() got an unexpected keyword argument 'area_width',2025-08-22T18:32:45.089349
Extreme_Full,Standard_SA,False,DroneSimulationEnvironment.__init__() got an unexpected keyword argument 'area_width',2025-08-22T18:32:45.089349
Extreme_Full,Standard_SA,True,DroneSimulationEnvironment.__init__() got an unexpected keyword argument 'area_width',2025-08-22T18:32:45.089349
Extreme_Full,Standard_SA,True,DroneSimulationEnvironment.__init__() got an unexpected keyword argument 'area_width',2025-08-22T18:32:45.089349
Extreme_Full,Standard_SA,True,DroneSimulationEnvironment.__init__() got an unexpected keyword argument 'area_width',2025-08-22T18:32:45.089349
Extreme_Full,Standard_SA,True,DroneSimulationEnvironment.__init__() got an unexpected keyword argument 'area_width',2025-08-22T18:32:45.089349
Extreme_Full,Standard_SA,True,DroneSimulationEnvironment.__init__() got an unexpected keyword argument 'area_width',2025-08-22T18:32:45.089349
Extreme_Full,Greedy,False,DroneSimulationEnvironment.__init__() got an unexpected keyword argument 'area_width',2025-08-22T18:32:45.089349
Extreme_Full,Greedy,False,DroneSimulationEnvironment.__init__() got an unexpected keyword argument 'area_width',2025-08-22T18:32:45.089349
Extreme_Full,Greedy,False,DroneSimulationEnvironment.__init__() got an unexpected keyword argument 'area_width',2025-08-22T18:32:45.089349
Extreme_Full,Greedy,False,DroneSimulationEnvironment.__init__() got an unexpected keyword argument 'area_width',2025-08-22T18:32:45.089349
Extreme_Full,Greedy,False,DroneSimulationEnvironment.__init__() got an unexpected keyword argument 'area_width',2025-08-22T18:32:45.089349
Extreme_Full,Greedy,True,DroneSimulationEnvironment.__init__() got an unexpected keyword argument 'area_width',2025-08-22T18:32:45.089349
Extreme_Full,Greedy,True,DroneSimulationEnvironment.__init__() got an unexpected keyword argument 'area_width',2025-08-22T18:32:45.089349
Extreme_Full,Greedy,True,DroneSimulationEnvironment.__init__() got an unexpected keyword argument 'area_width',2025-08-22T18:32:45.089349
Extreme_Full,Greedy,True,DroneSimulationEnvironment.__init__() got an unexpected keyword argument 'area_width',2025-08-22T18:32:45.089349
Extreme_Full,Greedy,True,DroneSimulationEnvironment.__init__() got an unexpected keyword argument 'area_width',2025-08-22T18:32:45.089349
Extreme_Wide,Smart_PSO,False,DroneSimulationEnvironment.__init__() got an unexpected keyword argument 'area_width',2025-08-22T18:32:45.089349
Extreme_Wide,Smart_PSO,False,DroneSimulationEnvironment.__init__() got an unexpected keyword argument 'area_width',2025-08-22T18:32:45.089349
Extreme_Wide,Smart_PSO,False,DroneSimulationEnvironment.__init__() got an unexpected keyword argument 'area_width',2025-08-22T18:32:45.089349
Extreme_Wide,Smart_PSO,False,DroneSimulationEnvironment.__init__() got an unexpected keyword argument 'area_width',2025-08-22T18:32:45.089349
Extreme_Wide,Smart_PSO,False,DroneSimulationEnvironment.__init__() got an unexpected keyword argument 'area_width',2025-08-22T18:32:45.089349
Extreme_Wide,Smart_PSO,True,DroneSimulationEnvironment.__init__() got an unexpected keyword argument 'area_width',2025-08-22T18:32:45.089349
Extreme_Wide,Smart_PSO,True,DroneSimulationEnvironment.__init__() got an unexpected keyword argument 'area_width',2025-08-22T18:32:45.097053
Extreme_Wide,Smart_PSO,True,DroneSimulationEnvironment.__init__() got an unexpected keyword argument 'area_width',2025-08-22T18:32:45.097053
Extreme_Wide,Smart_PSO,True,DroneSimulationEnvironment.__init__() got an unexpected keyword argument 'area_width',2025-08-22T18:32:45.097053
Extreme_Wide,Smart_PSO,True,DroneSimulationEnvironment.__init__() got an unexpected keyword argument 'area_width',2025-08-22T18:32:45.098055
Extreme_Wide,Standard_PSO,False,DroneSimulationEnvironment.__init__() got an unexpected keyword argument 'area_width',2025-08-22T18:32:45.098055
Extreme_Wide,Standard_PSO,False,DroneSimulationEnvironment.__init__() got an unexpected keyword argument 'area_width',2025-08-22T18:32:45.098055
Extreme_Wide,Standard_PSO,False,DroneSimulationEnvironment.__init__() got an unexpected keyword argument 'area_width',2025-08-22T18:32:45.098055
Extreme_Wide,Standard_PSO,False,DroneSimulationEnvironment.__init__() got an unexpected keyword argument 'area_width',2025-08-22T18:32:45.099055
Extreme_Wide,Standard_PSO,False,DroneSimulationEnvironment.__init__() got an unexpected keyword argument 'area_width',2025-08-22T18:32:45.099055
Extreme_Wide,Standard_PSO,True,DroneSimulationEnvironment.__init__() got an unexpected keyword argument 'area_width',2025-08-22T18:32:45.099055
Extreme_Wide,Standard_PSO,True,DroneSimulationEnvironment.__init__() got an unexpected keyword argument 'area_width',2025-08-22T18:32:45.099055
Extreme_Wide,Standard_PSO,True,DroneSimulationEnvironment.__init__() got an unexpected keyword argument 'area_width',2025-08-22T18:32:45.100054
Extreme_Wide,Standard_PSO,True,DroneSimulationEnvironment.__init__() got an unexpected keyword argument 'area_width',2025-08-22T18:32:45.100054
Extreme_Wide,Standard_PSO,True,DroneSimulationEnvironment.__init__() got an unexpected keyword argument 'area_width',2025-08-22T18:32:45.100054
Extreme_Wide,Smart_GA,False,DroneSimulationEnvironment.__init__() got an unexpected keyword argument 'area_width',2025-08-22T18:32:45.100819
Extreme_Wide,Smart_GA,False,DroneSimulationEnvironment.__init__() got an unexpected keyword argument 'area_width',2025-08-22T18:32:45.100819
Extreme_Wide,Smart_GA,False,DroneSimulationEnvironment.__init__() got an unexpected keyword argument 'area_width',2025-08-22T18:32:45.101797
Extreme_Wide,Smart_GA,False,DroneSimulationEnvironment.__init__() got an unexpected keyword argument 'area_width',2025-08-22T18:32:45.101797
Extreme_Wide,Smart_GA,False,DroneSimulationEnvironment.__init__() got an unexpected keyword argument 'area_width',2025-08-22T18:32:45.101797
Extreme_Wide,Smart_GA,True,DroneSimulationEnvironment.__init__() got an unexpected keyword argument 'area_width',2025-08-22T18:32:45.101797
Extreme_Wide,Smart_GA,True,DroneSimulationEnvironment.__init__() got an unexpected keyword argument 'area_width',2025-08-22T18:32:45.101797
Extreme_Wide,Smart_GA,True,DroneSimulationEnvironment.__init__() got an unexpected keyword argument 'area_width',2025-08-22T18:32:45.101797
Extreme_Wide,Smart_GA,True,DroneSimulationEnvironment.__init__() got an unexpected keyword argument 'area_width',2025-08-22T18:32:45.101797
Extreme_Wide,Smart_GA,True,DroneSimulationEnvironment.__init__() got an unexpected keyword argument 'area_width',2025-08-22T18:32:45.101797
Extreme_Wide,Standard_GA,False,DroneSimulationEnvironment.__init__() got an unexpected keyword argument 'area_width',2025-08-22T18:32:45.101797
Extreme_Wide,Standard_GA,False,DroneSimulationEnvironment.__init__() got an unexpected keyword argument 'area_width',2025-08-22T18:32:45.101797
Extreme_Wide,Standard_GA,False,DroneSimulationEnvironment.__init__() got an unexpected keyword argument 'area_width',2025-08-22T18:32:45.101797
Extreme_Wide,Standard_GA,False,DroneSimulationEnvironment.__init__() got an unexpected keyword argument 'area_width',2025-08-22T18:32:45.101797
Extreme_Wide,Standard_GA,False,DroneSimulationEnvironment.__init__() got an unexpected keyword argument 'area_width',2025-08-22T18:32:45.101797
Extreme_Wide,Standard_GA,True,DroneSimulationEnvironment.__init__() got an unexpected keyword argument 'area_width',2025-08-22T18:32:45.101797
Extreme_Wide,Standard_GA,True,DroneSimulationEnvironment.__init__() got an unexpected keyword argument 'area_width',2025-08-22T18:32:45.101797
Extreme_Wide,Standard_GA,True,DroneSimulationEnvironment.__init__() got an unexpected keyword argument 'area_width',2025-08-22T18:32:45.101797
Extreme_Wide,Standard_GA,True,DroneSimulationEnvironment.__init__() got an unexpected keyword argument 'area_width',2025-08-22T18:32:45.101797
Extreme_Wide,Standard_GA,True,DroneSimulationEnvironment.__init__() got an unexpected keyword argument 'area_width',2025-08-22T18:32:45.101797
Extreme_Wide,Smart_SA,False,DroneSimulationEnvironment.__init__() got an unexpected keyword argument 'area_width',2025-08-22T18:32:45.101797
Extreme_Wide,Smart_SA,False,DroneSimulationEnvironment.__init__() got an unexpected keyword argument 'area_width',2025-08-22T18:32:45.101797
Extreme_Wide,Smart_SA,False,DroneSimulationEnvironment.__init__() got an unexpected keyword argument 'area_width',2025-08-22T18:32:45.101797
Extreme_Wide,Smart_SA,False,DroneSimulationEnvironment.__init__() got an unexpected keyword argument 'area_width',2025-08-22T18:32:45.101797
Extreme_Wide,Smart_SA,False,DroneSimulationEnvironment.__init__() got an unexpected keyword argument 'area_width',2025-08-22T18:32:45.101797
Extreme_Wide,Smart_SA,True,DroneSimulationEnvironment.__init__() got an unexpected keyword argument 'area_width',2025-08-22T18:32:45.101797
Extreme_Wide,Smart_SA,True,DroneSimulationEnvironment.__init__() got an unexpected keyword argument 'area_width',2025-08-22T18:32:45.101797
Extreme_Wide,Smart_SA,True,DroneSimulationEnvironment.__init__() got an unexpected keyword argument 'area_width',2025-08-22T18:32:45.101797
Extreme_Wide,Smart_SA,True,DroneSimulationEnvironment.__init__() got an unexpected keyword argument 'area_width',2025-08-22T18:32:45.101797
Extreme_Wide,Smart_SA,True,DroneSimulationEnvironment.__init__() got an unexpected keyword argument 'area_width',2025-08-22T18:32:45.101797
Extreme_Wide,Standard_SA,False,DroneSimulationEnvironment.__init__() got an unexpected keyword argument 'area_width',2025-08-22T18:32:45.101797
Extreme_Wide,Standard_SA,False,DroneSimulationEnvironment.__init__() got an unexpected keyword argument 'area_width',2025-08-22T18:32:45.101797
Extreme_Wide,Standard_SA,False,DroneSimulationEnvironment.__init__() got an unexpected keyword argument 'area_width',2025-08-22T18:32:45.101797
Extreme_Wide,Standard_SA,False,DroneSimulationEnvironment.__init__() got an unexpected keyword argument 'area_width',2025-08-22T18:32:45.101797
Extreme_Wide,Standard_SA,False,DroneSimulationEnvironment.__init__() got an unexpected keyword argument 'area_width',2025-08-22T18:32:45.101797
Extreme_Wide,Standard_SA,True,DroneSimulationEnvironment.__init__() got an unexpected keyword argument 'area_width',2025-08-22T18:32:45.101797
Extreme_Wide,Standard_SA,True,DroneSimulationEnvironment.__init__() got an unexpected keyword argument 'area_width',2025-08-22T18:32:45.110476
Extreme_Wide,Standard_SA,True,DroneSimulationEnvironment.__init__() got an unexpected keyword argument 'area_width',2025-08-22T18:32:45.110476
Extreme_Wide,Standard_SA,True,DroneSimulationEnvironment.__init__() got an unexpected keyword argument 'area_width',2025-08-22T18:32:45.110476
Extreme_Wide,Standard_SA,True,DroneSimulationEnvironment.__init__() got an unexpected keyword argument 'area_width',2025-08-22T18:32:45.110476
Extreme_Wide,Greedy,False,DroneSimulationEnvironment.__init__() got an unexpected keyword argument 'area_width',2025-08-22T18:32:45.110476
Extreme_Wide,Greedy,False,DroneSimulationEnvironment.__init__() got an unexpected keyword argument 'area_width',2025-08-22T18:32:45.110476
Extreme_Wide,Greedy,False,DroneSimulationEnvironment.__init__() got an unexpected keyword argument 'area_width',2025-08-22T18:32:45.110476
Extreme_Wide,Greedy,False,DroneSimulationEnvironment.__init__() got an unexpected keyword argument 'area_width',2025-08-22T18:32:45.110476
Extreme_Wide,Greedy,False,DroneSimulationEnvironment.__init__() got an unexpected keyword argument 'area_width',2025-08-22T18:32:45.110476
Extreme_Wide,Greedy,True,DroneSimulationEnvironment.__init__() got an unexpected keyword argument 'area_width',2025-08-22T18:32:45.110476
Extreme_Wide,Greedy,True,DroneSimulationEnvironment.__init__() got an unexpected keyword argument 'area_width',2025-08-22T18:32:45.113678
Extreme_Wide,Greedy,True,DroneSimulationEnvironment.__init__() got an unexpected keyword argument 'area_width',2025-08-22T18:32:45.113678
Extreme_Wide,Greedy,True,DroneSimulationEnvironment.__init__() got an unexpected keyword argument 'area_width',2025-08-22T18:32:45.113678
Extreme_Wide,Greedy,True,DroneSimulationEnvironment.__init__() got an unexpected keyword argument 'area_width',2025-08-22T18:32:45.114684
Extreme_Tall,Smart_PSO,False,DroneSimulationEnvironment.__init__() got an unexpected keyword argument 'area_width',2025-08-22T18:32:45.114684
Extreme_Tall,Smart_PSO,False,DroneSimulationEnvironment.__init__() got an unexpected keyword argument 'area_width',2025-08-22T18:32:45.115679
Extreme_Tall,Smart_PSO,False,DroneSimulationEnvironment.__init__() got an unexpected keyword argument 'area_width',2025-08-22T18:32:45.115679
Extreme_Tall,Smart_PSO,False,DroneSimulationEnvironment.__init__() got an unexpected keyword argument 'area_width',2025-08-22T18:32:45.115679
Extreme_Tall,Smart_PSO,False,DroneSimulationEnvironment.__init__() got an unexpected keyword argument 'area_width',2025-08-22T18:32:45.115679
Extreme_Tall,Smart_PSO,True,DroneSimulationEnvironment.__init__() got an unexpected keyword argument 'area_width',2025-08-22T18:32:45.116679
Extreme_Tall,Smart_PSO,True,DroneSimulationEnvironment.__init__() got an unexpected keyword argument 'area_width',2025-08-22T18:32:45.116679
Extreme_Tall,Smart_PSO,True,DroneSimulationEnvironment.__init__() got an unexpected keyword argument 'area_width',2025-08-22T18:32:45.116679
Extreme_Tall,Smart_PSO,True,DroneSimulationEnvironment.__init__() got an unexpected keyword argument 'area_width',2025-08-22T18:32:45.117679
Extreme_Tall,Smart_PSO,True,DroneSimulationEnvironment.__init__() got an unexpected keyword argument 'area_width',2025-08-22T18:32:45.117679
Extreme_Tall,Standard_PSO,False,DroneSimulationEnvironment.__init__() got an unexpected keyword argument 'area_width',2025-08-22T18:32:45.118915
Extreme_Tall,Standard_PSO,False,DroneSimulationEnvironment.__init__() got an unexpected keyword argument 'area_width',2025-08-22T18:32:45.118915
Extreme_Tall,Standard_PSO,False,DroneSimulationEnvironment.__init__() got an unexpected keyword argument 'area_width',2025-08-22T18:32:45.119916
Extreme_Tall,Standard_PSO,False,DroneSimulationEnvironment.__init__() got an unexpected keyword argument 'area_width',2025-08-22T18:32:45.119916
Extreme_Tall,Standard_PSO,False,DroneSimulationEnvironment.__init__() got an unexpected keyword argument 'area_width',2025-08-22T18:32:45.120917
Extreme_Tall,Standard_PSO,True,DroneSimulationEnvironment.__init__() got an unexpected keyword argument 'area_width',2025-08-22T18:32:45.120917
Extreme_Tall,Standard_PSO,True,DroneSimulationEnvironment.__init__() got an unexpected keyword argument 'area_width',2025-08-22T18:32:45.120917
Extreme_Tall,Standard_PSO,True,DroneSimulationEnvironment.__init__() got an unexpected keyword argument 'area_width',2025-08-22T18:32:45.121917
Extreme_Tall,Standard_PSO,True,DroneSimulationEnvironment.__init__() got an unexpected keyword argument 'area_width',2025-08-22T18:32:45.121917
Extreme_Tall,Standard_PSO,True,DroneSimulationEnvironment.__init__() got an unexpected keyword argument 'area_width',2025-08-22T18:32:45.121917
Extreme_Tall,Smart_GA,False,DroneSimulationEnvironment.__init__() got an unexpected keyword argument 'area_width',2025-08-22T18:32:45.121917
Extreme_Tall,Smart_GA,False,DroneSimulationEnvironment.__init__() got an unexpected keyword argument 'area_width',2025-08-22T18:32:45.121917
Extreme_Tall,Smart_GA,False,DroneSimulationEnvironment.__init__() got an unexpected keyword argument 'area_width',2025-08-22T18:32:45.121917
Extreme_Tall,Smart_GA,False,DroneSimulationEnvironment.__init__() got an unexpected keyword argument 'area_width',2025-08-22T18:32:45.121917
Extreme_Tall,Smart_GA,False,DroneSimulationEnvironment.__init__() got an unexpected keyword argument 'area_width',2025-08-22T18:32:45.121917
Extreme_Tall,Smart_GA,True,DroneSimulationEnvironment.__init__() got an unexpected keyword argument 'area_width',2025-08-22T18:32:45.121917
Extreme_Tall,Smart_GA,True,DroneSimulationEnvironment.__init__() got an unexpected keyword argument 'area_width',2025-08-22T18:32:45.121917
Extreme_Tall,Smart_GA,True,DroneSimulationEnvironment.__init__() got an unexpected keyword argument 'area_width',2025-08-22T18:32:45.121917
Extreme_Tall,Smart_GA,True,DroneSimulationEnvironment.__init__() got an unexpected keyword argument 'area_width',2025-08-22T18:32:45.121917
Extreme_Tall,Smart_GA,True,DroneSimulationEnvironment.__init__() got an unexpected keyword argument 'area_width',2025-08-22T18:32:45.121917
Extreme_Tall,Standard_GA,False,DroneSimulationEnvironment.__init__() got an unexpected keyword argument 'area_width',2025-08-22T18:32:45.121917
Extreme_Tall,Standard_GA,False,DroneSimulationEnvironment.__init__() got an unexpected keyword argument 'area_width',2025-08-22T18:32:45.121917
Extreme_Tall,Standard_GA,False,DroneSimulationEnvironment.__init__() got an unexpected keyword argument 'area_width',2025-08-22T18:32:45.121917
Extreme_Tall,Standard_GA,False,DroneSimulationEnvironment.__init__() got an unexpected keyword argument 'area_width',2025-08-22T18:32:45.121917
Extreme_Tall,Standard_GA,False,DroneSimulationEnvironment.__init__() got an unexpected keyword argument 'area_width',2025-08-22T18:32:45.121917
Extreme_Tall,Standard_GA,True,DroneSimulationEnvironment.__init__() got an unexpected keyword argument 'area_width',2025-08-22T18:32:45.121917
Extreme_Tall,Standard_GA,True,DroneSimulationEnvironment.__init__() got an unexpected keyword argument 'area_width',2025-08-22T18:32:45.121917
Extreme_Tall,Standard_GA,True,DroneSimulationEnvironment.__init__() got an unexpected keyword argument 'area_width',2025-08-22T18:32:45.121917
Extreme_Tall,Standard_GA,True,DroneSimulationEnvironment.__init__() got an unexpected keyword argument 'area_width',2025-08-22T18:32:45.121917
Extreme_Tall,Standard_GA,True,DroneSimulationEnvironment.__init__() got an unexpected keyword argument 'area_width',2025-08-22T18:32:45.121917
Extreme_Tall,Smart_SA,False,DroneSimulationEnvironment.__init__() got an unexpected keyword argument 'area_width',2025-08-22T18:32:45.121917
Extreme_Tall,Smart_SA,False,DroneSimulationEnvironment.__init__() got an unexpected keyword argument 'area_width',2025-08-22T18:32:45.121917
Extreme_Tall,Smart_SA,False,DroneSimulationEnvironment.__init__() got an unexpected keyword argument 'area_width',2025-08-22T18:32:45.130952
Extreme_Tall,Smart_SA,False,DroneSimulationEnvironment.__init__() got an unexpected keyword argument 'area_width',2025-08-22T18:32:45.130952
Extreme_Tall,Smart_SA,False,DroneSimulationEnvironment.__init__() got an unexpected keyword argument 'area_width',2025-08-22T18:32:45.130952
Extreme_Tall,Smart_SA,True,DroneSimulationEnvironment.__init__() got an unexpected keyword argument 'area_width',2025-08-22T18:32:45.131952
Extreme_Tall,Smart_SA,True,DroneSimulationEnvironment.__init__() got an unexpected keyword argument 'area_width',2025-08-22T18:32:45.131952
Extreme_Tall,Smart_SA,True,DroneSimulationEnvironment.__init__() got an unexpected keyword argument 'area_width',2025-08-22T18:32:45.131952
Extreme_Tall,Smart_SA,True,DroneSimulationEnvironment.__init__() got an unexpected keyword argument 'area_width',2025-08-22T18:32:45.132950
Extreme_Tall,Smart_SA,True,DroneSimulationEnvironment.__init__() got an unexpected keyword argument 'area_width',2025-08-22T18:32:45.132950
Extreme_Tall,Standard_SA,False,DroneSimulationEnvironment.__init__() got an unexpected keyword argument 'area_width',2025-08-22T18:32:45.133466
Extreme_Tall,Standard_SA,False,DroneSimulationEnvironment.__init__() got an unexpected keyword argument 'area_width',2025-08-22T18:32:45.133466
Extreme_Tall,Standard_SA,False,DroneSimulationEnvironment.__init__() got an unexpected keyword argument 'area_width',2025-08-22T18:32:45.133466
Extreme_Tall,Standard_SA,False,DroneSimulationEnvironment.__init__() got an unexpected keyword argument 'area_width',2025-08-22T18:32:45.134465
Extreme_Tall,Standard_SA,False,DroneSimulationEnvironment.__init__() got an unexpected keyword argument 'area_width',2025-08-22T18:32:45.134465
Extreme_Tall,Standard_SA,True,DroneSimulationEnvironment.__init__() got an unexpected keyword argument 'area_width',2025-08-22T18:32:45.134465
Extreme_Tall,Standard_SA,True,DroneSimulationEnvironment.__init__() got an unexpected keyword argument 'area_width',2025-08-22T18:32:45.134465
Extreme_Tall,Standard_SA,True,DroneSimulationEnvironment.__init__() got an unexpected keyword argument 'area_width',2025-08-22T18:32:45.135464
Extreme_Tall,Standard_SA,True,DroneSimulationEnvironment.__init__() got an unexpected keyword argument 'area_width',2025-08-22T18:32:45.135464
Extreme_Tall,Standard_SA,True,DroneSimulationEnvironment.__init__() got an unexpected keyword argument 'area_width',2025-08-22T18:32:45.136194
Extreme_Tall,Greedy,False,DroneSimulationEnvironment.__init__() got an unexpected keyword argument 'area_width',2025-08-22T18:32:45.136194
Extreme_Tall,Greedy,False,DroneSimulationEnvironment.__init__() got an unexpected keyword argument 'area_width',2025-08-22T18:32:45.136194
Extreme_Tall,Greedy,False,DroneSimulationEnvironment.__init__() got an unexpected keyword argument 'area_width',2025-08-22T18:32:45.137196
Extreme_Tall,Greedy,False,DroneSimulationEnvironment.__init__() got an unexpected keyword argument 'area_width',2025-08-22T18:32:45.137196
Extreme_Tall,Greedy,False,DroneSimulationEnvironment.__init__() got an unexpected keyword argument 'area_width',2025-08-22T18:32:45.137196
Extreme_Tall,Greedy,True,DroneSimulationEnvironment.__init__() got an unexpected keyword argument 'area_width',2025-08-22T18:32:45.138195
Extreme_Tall,Greedy,True,DroneSimulationEnvironment.__init__() got an unexpected keyword argument 'area_width',2025-08-22T18:32:45.138195
Extreme_Tall,Greedy,True,DroneSimulationEnvironment.__init__() got an unexpected keyword argument 'area_width',2025-08-22T18:32:45.138195
Extreme_Tall,Greedy,True,DroneSimulationEnvironment.__init__() got an unexpected keyword argument 'area_width',2025-08-22T18:32:45.138195
Extreme_Tall,Greedy,True,DroneSimulationEnvironment.__init__() got an unexpected keyword argument 'area_width',2025-08-22T18:32:45.138195
